Workbook

Sheet Sheet1
C1: Alpha | D1: Beta | E1: Density | F1: Flow Velocity | G1: C Alpha | H1: C Beta | I1: C p0 | J1: Cp | K1: Re | M1: C Alpha | N1: C Beta | O1: C p0 | P1: Cp
A2: =AVERAGE('R1'!F2,'R2'!F2,'R3'!F2) -> 0.081237833 | B2: =AVERAGE('R1'!G2,'R2'!G2,'R3'!G2) -> 18.261624 | C2: =-'R1'!H2 -> 36 | D2: =DEGREES(ATAN(-SIN(RADIANS(('R1'!I2)))/(COS(RADIANS(Sheet1!C2))*COS(RADIANS('R1'!I2))))) -> 41.925614 | E2: =AVERAGE('R1'!J2,'R2'!J2,'R3'!J2) -> 1.1675 | F2: =AVERAGE('R1'!K2,'R2'!K2,'R3'!K2) -> 5.5785044 | G2: =AVERAGE('R1'!L2,'R2'!L2,'R3'!L2) -> 1.8542936 | H2: =AVERAGE('R1'!M2,'R2'!M2,'R3'!M2) -> -2.1559968 | I2: =AVERAGE('R1'!N2,'R2'!N2,'R3'!N2) -> -1.5055348 | J2: =AVERAGE('R1'!O2,'R2'!O2,'R3'!O2) -> -1.1419706 | K2: =10^5*E2*F2*0.003/1.8 -> 1085.484 | M2: =_xlfn.STDEV.S('R1'!L2,'R2'!L2,'R3'!L2) -> 0.0078252988 | N2: =_xlfn.STDEV.S('R1'!M2,'R2'!M2,'R3'!M2) -> 0.013855703 | O2: =_xlfn.STDEV.S('R1'!N2,'R2'!N2,'R3'!N2) -> 0.022538357 | P2: =_xlfn.STDEV.S('R1'!O2,'R2'!O2,'R3'!O2) -> 0.0028853764 | R2: =MAX(M:M) -> 0.040517269 | S2: =MAX(N:N) -> 0.032475856 | T2: =MAX(O:O) -> 0.049942051 | U2: =MAX(P:P) -> 0.025343397
A3: =AVERAGE('R1'!F3,'R2'!F3,'R3'!F3) -> 0.081237833 | B3: =AVERAGE('R1'!G3,'R2'!G3,'R3'!G3) -> 18.540432 | C3: =-'R1'!H3 -> 36 | D3: =DEGREES(ATAN(-SIN(RADIANS(('R1'!I3)))/(COS(RADIANS(Sheet1!C3))*COS(RADIANS('R1'!I3))))) -> 37.681816 | E3: =AVERAGE('R1'!J3,'R2'!J3,'R3'!J3) -> 1.1675 | F3: =AVERAGE('R1'!K3,'R2'!K3,'R3'!K3) -> 5.6212262 | G3: =AVERAGE('R1'!L3,'R2'!L3,'R3'!L3) -> 1.7179257 | H3: =AVERAGE('R1'!M3,'R2'!M3,'R3'!M3) -> -2.1436985 | I3: =AVERAGE('R1'!N3,'R2'!N3,'R3'!N3) -> -1.3960239 | J3: =AVERAGE('R1'!O3,'R2'!O3,'R3'!O3) -> -1.0235796 | K3: =10^5*E3*F3*0.003/1.8 -> 1093.7969 | M3: =_xlfn.STDEV.S('R1'!L3,'R2'!L3,'R3'!L3) -> 0.0074070217 | N3: =_xlfn.STDEV.S('R1'!M3,'R2'!M3,'R3'!M3) -> 0.0038764246 | O3: =_xlfn.STDEV.S('R1'!N3,'R2'!N3,'R3'!N3) -> 0.017643531 | P3: =_xlfn.STDEV.S('R1'!O3,'R2'!O3,'R3'!O3) -> 0.004661648 | R3: =MIN(M:M) -> 0.0003072824 | S3: =MIN(N:N) -> 0.00054957975 | T3: =MIN(O:O) -> 0.0038196945 | U3: =MIN(P:P) -> 0.0007286023
A4: =AVERAGE('R1'!F4,'R2'!F4,'R3'!F4) -> 0.09748 | B4: =AVERAGE('R1'!G4,'R2'!G4,'R3'!G4) -> 18.915315 | C4: =-'R1'!H4 -> 36 | D4: =DEGREES(ATAN(-SIN(RADIANS(('R1'!I4)))/(COS(RADIANS(Sheet1!C4))*COS(RADIANS('R1'!I4))))) -> 33.314078 | E4: =AVERAGE('R1'!J4,'R2'!J4,'R3'!J4) -> 1.1691667 | F4: =AVERAGE('R1'!K4,'R2'!K4,'R3'!K4) -> 5.6709801 | G4: =AVERAGE('R1'!L4,'R2'!L4,'R3'!L4) -> 1.5712139 | H4: =AVERAGE('R1'!M4,'R2'!M4,'R3'!M4) -> -2.1548203 | I4: =AVERAGE('R1'!N4,'R2'!N4,'R3'!N4) -> -1.2981896 | J4: =AVERAGE('R1'!O4,'R2'!O4,'R3'!O4) -> -0.90795634 | K4: =10^5*E4*F4*0.003/1.8 -> 1105.0535 | M4: =_xlfn.STDEV.S('R1'!L4,'R2'!L4,'R3'!L4) -> 0.010983199 | N4: =_xlfn.STDEV.S('R1'!M4,'R2'!M4,'R3'!M4) -> 0.0092719609 | O4: =_xlfn.STDEV.S('R1'!N4,'R2'!N4,'R3'!N4) -> 0.018776567 | P4: =_xlfn.STDEV.S('R1'!O4,'R2'!O4,'R3'!O4) -> 0.0025894026 | R4: =AVERAGE(M:M) -> 0.0097555213 | S4: =AVERAGE(N:N) -> 0.0098623927 | T4: =AVERAGE(O:O) -> 0.017804475 | U4: =AVERAGE(P:P) -> 0.0072335556
A5: =AVERAGE('R1'!F5,'R2'!F5,'R3'!F5) -> 0.09748 | B5: =AVERAGE('R1'!G5,'R2'!G5,'R3'!G5) -> 19.261786 | C5: =-'R1'!H5 -> 36 | D5: =DEGREES(ATAN(-SIN(RADIANS(('R1'!I5)))/(COS(RADIANS(Sheet1!C5))*COS(RADIANS('R1'!I5))))) -> 28.825437 | E5: =AVERAGE('R1'!J5,'R2'!J5,'R3'!J5) -> 1.1683333 | F5: =AVERAGE('R1'!K5,'R2'!K5,'R3'!K5) -> 5.7250488 | G5: =AVERAGE('R1'!L5,'R2'!L5,'R3'!L5) -> 1.4197912 | H5: =AVERAGE('R1'!M5,'R2'!M5,'R3'!M5) -> -2.2050502 | I5: =AVERAGE('R1'!N5,'R2'!N5,'R3'!N5) -> -1.2489708 | J5: =AVERAGE('R1'!O5,'R2'!O5,'R3'!O5) -> -0.80890104 | K5: =10^5*E5*F5*0.003/1.8 -> 1114.7942 | M5: =_xlfn.STDEV.S('R1'!L5,'R2'!L5,'R3'!L5) -> 0.0099412861 | N5: =_xlfn.STDEV.S('R1'!M5,'R2'!M5,'R3'!M5) -> 0.011782694 | O5: =_xlfn.STDEV.S('R1'!N5,'R2'!N5,'R3'!N5) -> 0.021123029 | P5: =_xlfn.STDEV.S('R1'!O5,'R2'!O5,'R3'!O5) -> 0.0036354653
A6: =AVERAGE('R1'!F6,'R2'!F6,'R3'!F6) -> 0.09748 | B6: =AVERAGE('R1'!G6,'R2'!G6,'R3'!G6) -> 19.581944 | C6: =-'R1'!H6 -> 36 | D6: =DEGREES(ATAN(-SIN(RADIANS(('R1'!I6)))/(COS(RADIANS(Sheet1!C6))*COS(RADIANS('R1'!I6))))) -> 24.222597 | E6: =AVERAGE('R1'!J6,'R2'!J6,'R3'!J6) -> 1.17 | F6: =AVERAGE('R1'!K6,'R2'!K6,'R3'!K6) -> 5.7683981 | G6: =AVERAGE('R1'!L6,'R2'!L6,'R3'!L6) -> 1.2407671 | H6: =AVERAGE('R1'!M6,'R2'!M6,'R3'!M6) -> -2.2817158 | I6: =AVERAGE('R1'!N6,'R2'!N6,'R3'!N6) -> -1.2151576 | J6: =AVERAGE('R1'!O6,'R2'!O6,'R3'!O6) -> -0.71179455 | K6: =10^5*E6*F6*0.003/1.8 -> 1124.8376 | M6: =_xlfn.STDEV.S('R1'!L6,'R2'!L6,'R3'!L6) -> 0.0016722288 | N6: =_xlfn.STDEV.S('R1'!M6,'R2'!M6,'R3'!M6) -> 0.015226183 | O6: =_xlfn.STDEV.S('R1'!N6,'R2'!N6,'R3'!N6) -> 0.020557442 | P6: =_xlfn.STDEV.S('R1'!O6,'R2'!O6,'R3'!O6) -> 0.0061979529 | R6: =AVERAGE(R2:R4) -> 0.016860024 | S6: =AVERAGE(S2:S4) -> 0.014295943 | T6: =AVERAGE(T2:T4) -> 0.023855407 | U6: =AVERAGE(U2:U4) -> 0.011101851
A7: =AVERAGE('R1'!F7,'R2'!F7,'R3'!F7) -> 0.065034667 | B7: =AVERAGE('R1'!G7,'R2'!G7,'R3'!G7) -> 19.915784 | C7: =-'R1'!H7 -> 36 | D7: =DEGREES(ATAN(-SIN(RADIANS(('R1'!I7)))/(COS(RADIANS(Sheet1!C7))*COS(RADIANS('R1'!I7))))) -> 19.516199 | E7: =AVERAGE('R1'!J7,'R2'!J7,'R3'!J7) -> 1.1683333 | F7: =AVERAGE('R1'!K7,'R2'!K7,'R3'!K7) -> 5.8268138 | G7: =AVERAGE('R1'!L7,'R2'!L7,'R3'!L7) -> 1.0254159 | H7: =AVERAGE('R1'!M7,'R2'!M7,'R3'!M7) -> -2.3893502 | I7: =AVERAGE('R1'!N7,'R2'!N7,'R3'!N7) -> -1.1989106 | J7: =AVERAGE('R1'!O7,'R2'!O7,'R3'!O7) -> -0.61946196 | K7: =10^5*E7*F7*0.003/1.8 -> 1134.6101 | M7: =_xlfn.STDEV.S('R1'!L7,'R2'!L7,'R3'!L7) -> 0.0081391372 | N7: =_xlfn.STDEV.S('R1'!M7,'R2'!M7,'R3'!M7) -> 0.010211713 | O7: =_xlfn.STDEV.S('R1'!N7,'R2'!N7,'R3'!N7) -> 0.018929125 | P7: =_xlfn.STDEV.S('R1'!O7,'R2'!O7,'R3'!O7) -> 0.0065419109 | R7: =AVERAGE(K:K) -> 1128.1967
A8: =AVERAGE('R1'!F8,'R2'!F8,'R3'!F8) -> 0.081237833 | B8: =AVERAGE('R1'!G8,'R2'!G8,'R3'!G8) -> 20.26259 | C8: =-'R1'!H8 -> 36 | D8: =DEGREES(ATAN(-SIN(RADIANS(('R1'!I8)))/(COS(RADIANS(Sheet1!C8))*COS(RADIANS('R1'!I8))))) -> 14.720865 | E8: =AVERAGE('R1'!J8,'R2'!J8,'R3'!J8) -> 1.1683333 | F8: =AVERAGE('R1'!K8,'R2'!K8,'R3'!K8) -> 5.8753083 | G8: =AVERAGE('R1'!L8,'R2'!L8,'R3'!L8) -> 0.78140543 | H8: =AVERAGE('R1'!M8,'R2'!M8,'R3'!M8) -> -2.5320601 | I8: =AVERAGE('R1'!N8,'R2'!N8,'R3'!N8) -> -1.2272348 | J8: =AVERAGE('R1'!O8,'R2'!O8,'R3'!O8) -> -0.53560033 | K8: =10^5*E8*F8*0.003/1.8 -> 1144.0531 | M8: =_xlfn.STDEV.S('R1'!L8,'R2'!L8,'R3'!L8) -> 0.012348981 | N8: =_xlfn.STDEV.S('R1'!M8,'R2'!M8,'R3'!M8) -> 0.019145285 | O8: =_xlfn.STDEV.S('R1'!N8,'R2'!N8,'R3'!N8) -> 0.018078048 | P8: =_xlfn.STDEV.S('R1'!O8,'R2'!O8,'R3'!O8) -> 0.0099524748
A9: =AVERAGE('R1'!F9,'R2'!F9,'R3'!F9) -> 0.09748 | B9: =AVERAGE('R1'!G9,'R2'!G9,'R3'!G9) -> 20.543112 | C9: =-'R1'!H9 -> 36 | D9: =DEGREES(ATAN(-SIN(RADIANS(('R1'!I9)))/(COS(RADIANS(Sheet1!C9))*COS(RADIANS('R1'!I9))))) -> 9.8549609 | E9: =AVERAGE('R1'!J9,'R2'!J9,'R3'!J9) -> 1.1691667 | F9: =AVERAGE('R1'!K9,'R2'!K9,'R3'!K9) -> 5.9113858 | G9: =AVERAGE('R1'!L9,'R2'!L9,'R3'!L9) -> 0.4959508 | H9: =AVERAGE('R1'!M9,'R2'!M9,'R3'!M9) -> -2.7088924 | I9: =AVERAGE('R1'!N9,'R2'!N9,'R3'!N9) -> -1.2673468 | J9: =AVERAGE('R1'!O9,'R2'!O9,'R3'!O9) -> -0.45125698 | K9: =10^5*E9*F9*0.003/1.8 -> 1151.8992 | M9: =_xlfn.STDEV.S('R1'!L9,'R2'!L9,'R3'!L9) -> 0.0010272376 | N9: =_xlfn.STDEV.S('R1'!M9,'R2'!M9,'R3'!M9) -> 0.010125317 | O9: =_xlfn.STDEV.S('R1'!N9,'R2'!N9,'R3'!N9) -> 0.017577795 | P9: =_xlfn.STDEV.S('R1'!O9,'R2'!O9,'R3'!O9) -> 0.0016009839
A10: =AVERAGE('R1'!F10,'R2'!F10,'R3'!F10) -> 0.09748 | B10: =AVERAGE('R1'!G10,'R2'!G10,'R3'!G10) -> 20.849903 | C10: =-'R1'!H10 -> 36 | D10: =DEGREES(ATAN(-SIN(RADIANS(('R1'!I10)))/(COS(RADIANS(Sheet1!C10))*COS(RADIANS('R1'!I10))))) -> 4.9400424 | E10: =AVERAGE('R1'!J10,'R2'!J10,'R3'!J10) -> 1.17 | F10: =AVERAGE('R1'!K10,'R2'!K10,'R3'!K10) -> 5.9532253 | G10: =AVERAGE('R1'!L10,'R2'!L10,'R3'!L10) -> 0.17662816 | H10: =AVERAGE('R1'!M10,'R2'!M10,'R3'!M10) -> -2.8961108 | I10: =AVERAGE('R1'!N10,'R2'!N10,'R3'!N10) -> -1.3237071 | J10: =AVERAGE('R1'!O10,'R2'!O10,'R3'!O10) -> -0.38105719 | K10: =10^5*E10*F10*0.003/1.8 -> 1160.8789 | M10: =_xlfn.STDEV.S('R1'!L10,'R2'!L10,'R3'!L10) -> 0.015391839 | N10: =_xlfn.STDEV.S('R1'!M10,'R2'!M10,'R3'!M10) -> 0.015210763 | O10: =_xlfn.STDEV.S('R1'!N10,'R2'!N10,'R3'!N10) -> 0.026692695 | P10: =_xlfn.STDEV.S('R1'!O10,'R2'!O10,'R3'!O10) -> 0.0022823368
A11: =AVERAGE('R1'!F11,'R2'!F11,'R3'!F11) -> 0.11372217 | B11: =AVERAGE('R1'!G11,'R2'!G11,'R3'!G11) -> 21.076312 | C11: =-'R1'!H11 -> 36 | D11: =DEGREES(ATAN(-SIN(RADIANS(('R1'!I11)))/(COS(RADIANS(Sheet1!C11))*COS(RADIANS('R1'!I11))))) -> 0 | E11: =AVERAGE('R1'!J11,'R2'!J11,'R3'!J11) -> 1.1675 | F11: =AVERAGE('R1'!K11,'R2'!K11,'R3'!K11) -> 5.9900468 | G11: =AVERAGE('R1'!L11,'R2'!L11,'R3'!L11) -> -0.18978178 | H11: =AVERAGE('R1'!M11,'R2'!M11,'R3'!M11) -> -2.8572858 | I11: =AVERAGE('R1'!N11,'R2'!N11,'R3'!N11) -> -1.2966272 | J11: =AVERAGE('R1'!O11,'R2'!O11,'R3'!O11) -> -0.36687394 | K11: =10^5*E11*F11*0.003/1.8 -> 1165.5633 | M11: =_xlfn.STDEV.S('R1'!L11,'R2'!L11,'R3'!L11) -> 0.011138836 | N11: =_xlfn.STDEV.S('R1'!M11,'R2'!M11,'R3'!M11) -> 0.018503461 | O11: =_xlfn.STDEV.S('R1'!N11,'R2'!N11,'R3'!N11) -> 0.026053426 | P11: =_xlfn.STDEV.S('R1'!O11,'R2'!O11,'R3'!O11) -> 0.0031588065
A12: =AVERAGE('R1'!F12,'R2'!F12,'R3'!F12) -> 0.12996433 | B12: =AVERAGE('R1'!G12,'R2'!G12,'R3'!G12) -> 20.996629 | C12: =-'R1'!H12 -> 36 | D12: =DEGREES(ATAN(-SIN(RADIANS(('R1'!I12)))/(COS(RADIANS(Sheet1!C12))*COS(RADIANS('R1'!I12))))) -> -4.9400424 | E12: =AVERAGE('R1'!J12,'R2'!J12,'R3'!J12) -> 1.1683333 | F12: =AVERAGE('R1'!K12,'R2'!K12,'R3'!K12) -> 5.9727204 | G12: =AVERAGE('R1'!L12,'R2'!L12,'R3'!L12) -> -0.52568158 | H12: =AVERAGE('R1'!M12,'R2'!M12,'R3'!M12) -> -2.5929384 | I12: =AVERAGE('R1'!N12,'R2'!N12,'R3'!N12) -> -1.1785766 | J12: =AVERAGE('R1'!O12,'R2'!O12,'R3'!O12) -> -0.42825837 | K12: =10^5*E12*F12*0.003/1.8 -> 1163.0214 | M12: =_xlfn.STDEV.S('R1'!L12,'R2'!L12,'R3'!L12) -> 0.016996186 | N12: =_xlfn.STDEV.S('R1'!M12,'R2'!M12,'R3'!M12) -> 0.0098216035 | O12: =_xlfn.STDEV.S('R1'!N12,'R2'!N12,'R3'!N12) -> 0.0073438653 | P12: =_xlfn.STDEV.S('R1'!O12,'R2'!O12,'R3'!O12) -> 0.0039408996
A13: =AVERAGE('R1'!F13,'R2'!F13,'R3'!F13) -> 0.081237833 | B13: =AVERAGE('R1'!G13,'R2'!G13,'R3'!G13) -> 20.315181 | C13: =-'R1'!H13 -> 36 | D13: =DEGREES(ATAN(-SIN(RADIANS(('R1'!I13)))/(COS(RADIANS(Sheet1!C13))*COS(RADIANS('R1'!I13))))) -> -9.8549609 | E13: =AVERAGE('R1'!J13,'R2'!J13,'R3'!J13) -> 1.1675 | F13: =AVERAGE('R1'!K13,'R2'!K13,'R3'!K13) -> 5.884415 | G13: =AVERAGE('R1'!L13,'R2'!L13,'R3'!L13) -> -0.79173088 | H13: =AVERAGE('R1'!M13,'R2'!M13,'R3'!M13) -> -2.4052649 | I13: =AVERAGE('R1'!N13,'R2'!N13,'R3'!N13) -> -1.1213582 | J13: =AVERAGE('R1'!O13,'R2'!O13,'R3'!O13) -> -0.48216003 | K13: =10^5*E13*F13*0.003/1.8 -> 1145.0091 | M13: =_xlfn.STDEV.S('R1'!L13,'R2'!L13,'R3'!L13) -> 0.016524753 | N13: =_xlfn.STDEV.S('R1'!M13,'R2'!M13,'R3'!M13) -> 0.0073651864 | O13: =_xlfn.STDEV.S('R1'!N13,'R2'!N13,'R3'!N13) -> 0.01720869 | P13: =_xlfn.STDEV.S('R1'!O13,'R2'!O13,'R3'!O13) -> 0.0067571925
A14: =AVERAGE('R1'!F14,'R2'!F14,'R3'!F14) -> 0.097519 | B14: =AVERAGE('R1'!G14,'R2'!G14,'R3'!G14) -> 19.769027 | C14: =-'R1'!H14 -> 36 | D14: =DEGREES(ATAN(-SIN(RADIANS(('R1'!I14)))/(COS(RADIANS(Sheet1!C14))*COS(RADIANS('R1'!I14))))) -> -14.720865 | E14: =AVERAGE('R1'!J14,'R2'!J14,'R3'!J14) -> 1.1666667 | F14: =AVERAGE('R1'!K14,'R2'!K14,'R3'!K14) -> 5.8041986 | G14: =AVERAGE('R1'!L14,'R2'!L14,'R3'!L14) -> -1.0335892 | H14: =AVERAGE('R1'!M14,'R2'!M14,'R3'!M14) -> -2.2662605 | I14: =AVERAGE('R1'!N14,'R2'!N14,'R3'!N14) -> -1.1086798 | J14: =AVERAGE('R1'!O14,'R2'!O14,'R3'!O14) -> -0.54858843 | K14: =10^5*E14*F14*0.003/1.8 -> 1128.5942 | M14: =_xlfn.STDEV.S('R1'!L14,'R2'!L14,'R3'!L14) -> 0.0054876925 | N14: =_xlfn.STDEV.S('R1'!M14,'R2'!M14,'R3'!M14) -> 0.020165201 | O14: =_xlfn.STDEV.S('R1'!N14,'R2'!N14,'R3'!N14) -> 0.029658946 | P14: =_xlfn.STDEV.S('R1'!O14,'R2'!O14,'R3'!O14) -> 0.0074333623
A15: =AVERAGE('R1'!F15,'R2'!F15,'R3'!F15) -> 0.11372217 | B15: =AVERAGE('R1'!G15,'R2'!G15,'R3'!G15) -> 19.474133 | C15: =-'R1'!H15 -> 36 | D15: =DEGREES(ATAN(-SIN(RADIANS(('R1'!I15)))/(COS(RADIANS(Sheet1!C15))*COS(RADIANS('R1'!I15))))) -> -19.516199 | E15: =AVERAGE('R1'!J15,'R2'!J15,'R3'!J15) -> 1.1666667 | F15: =AVERAGE('R1'!K15,'R2'!K15,'R3'!K15) -> 5.758416 | G15: =AVERAGE('R1'!L15,'R2'!L15,'R3'!L15) -> -1.2587112 | H15: =AVERAGE('R1'!M15,'R2'!M15,'R3'!M15) -> -2.1828591 | I15: =AVERAGE('R1'!N15,'R2'!N15,'R3'!N15) -> -1.1452202 | J15: =AVERAGE('R1'!O15,'R2'!O15,'R3'!O15) -> -0.62957702 | K15: =10^5*E15*F15*0.003/1.8 -> 1119.692 | M15: =_xlfn.STDEV.S('R1'!L15,'R2'!L15,'R3'!L15) -> 0.007963132 | N15: =_xlfn.STDEV.S('R1'!M15,'R2'!M15,'R3'!M15) -> 0.0083765987 | O15: =_xlfn.STDEV.S('R1'!N15,'R2'!N15,'R3'!N15) -> 0.013853827 | P15: =_xlfn.STDEV.S('R1'!O15,'R2'!O15,'R3'!O15) -> 0.0076134097
A16: =AVERAGE('R1'!F16,'R2'!F16,'R3'!F16) -> 0.064995667 | B16: =AVERAGE('R1'!G16,'R2'!G16,'R3'!G16) -> 18.954233 | C16: =-'R1'!H16 -> 36 | D16: =DEGREES(ATAN(-SIN(RADIANS(('R1'!I16)))/(COS(RADIANS(Sheet1!C16))*COS(RADIANS('R1'!I16))))) -> -24.222597 | E16: =AVERAGE('R1'!J16,'R2'!J16,'R3'!J16) -> 1.1691667 | F16: =AVERAGE('R1'!K16,'R2'!K16,'R3'!K16) -> 5.6821529 | G16: =AVERAGE('R1'!L16,'R2'!L16,'R3'!L16) -> -1.4649624 | H16: =AVERAGE('R1'!M16,'R2'!M16,'R3'!M16) -> -2.1465888 | I16: =AVERAGE('R1'!N16,'R2'!N16,'R3'!N16) -> -1.2179284 | J16: =AVERAGE('R1'!O16,'R2'!O16,'R3'!O16) -> -0.7276719 | K16: =10^5*E16*F16*0.003/1.8 -> 1107.2306 | M16: =_xlfn.STDEV.S('R1'!L16,'R2'!L16,'R3'!L16) -> 0.0033390371 | N16: =_xlfn.STDEV.S('R1'!M16,'R2'!M16,'R3'!M16) -> 0.0026176329 | O16: =_xlfn.STDEV.S('R1'!N16,'R2'!N16,'R3'!N16) -> 0.0055681797 | P16: =_xlfn.STDEV.S('R1'!O16,'R2'!O16,'R3'!O16) -> 0.0013393423
A17: =AVERAGE('R1'!F17,'R2'!F17,'R3'!F17) -> 0.081237833 | B17: =AVERAGE('R1'!G17,'R2'!G17,'R3'!G17) -> 18.955336 | C17: =-'R1'!H17 -> 36 | D17: =DEGREES(ATAN(-SIN(RADIANS(('R1'!I17)))/(COS(RADIANS(Sheet1!C17))*COS(RADIANS('R1'!I17))))) -> -28.825437 | E17: =AVERAGE('R1'!J17,'R2'!J17,'R3'!J17) -> 1.1658333 | F17: =AVERAGE('R1'!K17,'R2'!K17,'R3'!K17) -> 5.6874199 | G17: =AVERAGE('R1'!L17,'R2'!L17,'R3'!L17) -> -1.6529442 | H17: =AVERAGE('R1'!M17,'R2'!M17,'R3'!M17) -> -2.1416683 | I17: =AVERAGE('R1'!N17,'R2'!N17,'R3'!N17) -> -1.3028147 | J17: =AVERAGE('R1'!O17,'R2'!O17,'R3'!O17) -> -0.84434285 | K17: =10^5*E17*F17*0.003/1.8 -> 1105.0973 | M17: =_xlfn.STDEV.S('R1'!L17,'R2'!L17,'R3'!L17) -> 0.023840909 | N17: =_xlfn.STDEV.S('R1'!M17,'R2'!M17,'R3'!M17) -> 0.015867392 | O17: =_xlfn.STDEV.S('R1'!N17,'R2'!N17,'R3'!N17) -> 0.026619986 | P17: =_xlfn.STDEV.S('R1'!O17,'R2'!O17,'R3'!O17) -> 0.015226434
A18: =AVERAGE('R1'!F18,'R2'!F18,'R3'!F18) -> 0.12996433 | B18: =AVERAGE('R1'!G18,'R2'!G18,'R3'!G18) -> 19.181411 | C18: =-'R1'!H18 -> 36 | D18: =DEGREES(ATAN(-SIN(RADIANS(('R1'!I18)))/(COS(RADIANS(Sheet1!C18))*COS(RADIANS('R1'!I18))))) -> -33.314078 | E18: =AVERAGE('R1'!J18,'R2'!J18,'R3'!J18) -> 1.1691667 | F18: =AVERAGE('R1'!K18,'R2'!K18,'R3'!K18) -> 5.704536 | G18: =AVERAGE('R1'!L18,'R2'!L18,'R3'!L18) -> -1.8408218 | H18: =AVERAGE('R1'!M18,'R2'!M18,'R3'!M18) -> -2.1922157 | I18: =AVERAGE('R1'!N18,'R2'!N18,'R3'!N18) -> -1.4391981 | J18: =AVERAGE('R1'!O18,'R2'!O18,'R3'!O18) -> -0.99577927 | K18: =10^5*E18*F18*0.003/1.8 -> 1111.5922 | M18: =_xlfn.STDEV.S('R1'!L18,'R2'!L18,'R3'!L18) -> 0.017671132 | N18: =_xlfn.STDEV.S('R1'!M18,'R2'!M18,'R3'!M18) -> 0.0052674483 | O18: =_xlfn.STDEV.S('R1'!N18,'R2'!N18,'R3'!N18) -> 0.021698185 | P18: =_xlfn.STDEV.S('R1'!O18,'R2'!O18,'R3'!O18) -> 0.0096903668
A19: =AVERAGE('R1'!F19,'R2'!F19,'R3'!F19) -> 0.0487535 | B19: =AVERAGE('R1'!G19,'R2'!G19,'R3'!G19) -> 19.182829 | C19: =-'R1'!H19 -> 36 | D19: =DEGREES(ATAN(-SIN(RADIANS(('R1'!I19)))/(COS(RADIANS(Sheet1!C19))*COS(RADIANS('R1'!I19))))) -> -37.681816 | E19: =AVERAGE('R1'!J19,'R2'!J19,'R3'!J19) -> 1.1675 | F19: =AVERAGE('R1'!K19,'R2'!K19,'R3'!K19) -> 5.7207267 | G19: =AVERAGE('R1'!L19,'R2'!L19,'R3'!L19) -> -2.0393312 | H19: =AVERAGE('R1'!M19,'R2'!M19,'R3'!M19) -> -2.2908763 | I19: =AVERAGE('R1'!N19,'R2'!N19,'R3'!N19) -> -1.6314328 | J19: =AVERAGE('R1'!O19,'R2'!O19,'R3'!O19) -> -1.1630806 | K19: =10^5*E19*F19*0.003/1.8 -> 1113.1581 | M19: =_xlfn.STDEV.S('R1'!L19,'R2'!L19,'R3'!L19) -> 0.0088936043 | N19: =_xlfn.STDEV.S('R1'!M19,'R2'!M19,'R3'!M19) -> 0.0084766489 | O19: =_xlfn.STDEV.S('R1'!N19,'R2'!N19,'R3'!N19) -> 0.015717195 | P19: =_xlfn.STDEV.S('R1'!O19,'R2'!O19,'R3'!O19) -> 0.010275721
... A362: =AVERAGE('R1'!F362,'R2'!F362,'R3'!F362) -> 0.11372217 | B362: =AVERAGE('R1'!G362,'R2'!G362,'R3'!G362) -> 19.009083 | C362: =-'R1'!H362 -> -36 | D362: =DEGREES(ATAN(-SIN(RADIANS(('R1'!I362)))/(COS(RADIANS(Sheet1!C362))*COS(RADIANS('R1'!I362))))) -> -41.925614 | E362: =AVERAGE('R1'!J362,'R2'!J362,'R3'!J362) -> 1.1658333 | F362: =AVERAGE('R1'!K362,'R2'!K362,'R3'!K362) -> 5.6889452 | G362: =AVERAGE('R1'!L362,'R2'!L362,'R3'!L362) -> -2.1733455 | H362: =AVERAGE('R1'!M362,'R2'!M362,'R3'!M362) -> 2.5112896 | I362: =AVERAGE('R1'!N362,'R2'!N362,'R3'!N362) -> -1.946503 | J362: =AVERAGE('R1'!O362,'R2'!O362,'R3'!O362) -> -1.3689509 | K362: =10^5*E362*F362*0.003/1.8 -> 1105.3937 | M362: =_xlfn.STDEV.S('R1'!L362,'R2'!L362,'R3'!L362) -> 0.011718621 | N362: =_xlfn.STDEV.S('R1'!M362,'R2'!M362,'R3'!M362) -> 0.01319606 | O362: =_xlfn.STDEV.S('R1'!N362,'R2'!N362,'R3'!N362) -> 0.01836782 | P362: =_xlfn.STDEV.S('R1'!O362,'R2'!O362,'R3'!O362) -> 0.010018047

Sheet R1
A1: P1 (Top) | B1: P2 (Left) | C1: P3 (Bottom) | D1: P4 (Right) | E1: P5 (Center) | F1: Pstatic (P) | G1: Ptot_ref (P0) | H1: Alpha | I1: Beta | J1: Density | K1: Flow Velocity | L1: C Alpha | M1: C Beta | N1: C p0 | O1: Cp
A2: 9.930433 | B2: -15.637139 | C2: -15.560534 | D2: 14.021738 | E2: -1.7840315 | F2: 0.1462065 | G2: 18.686323 | H2: -36 | I2: -36 | J2: 1.17 | K2: 5.6295782 | L2: 1.8452579 | M2: -2.1469596 | N2: -1.4818374 | O2: -1.1397481
A3: 9.569326 | B3: -13.862371 | C3: -13.305385 | D3: 14.722826 | E3: -0.22300225 | F3: 0.1462065 | G3: 18.166141 | H3: -36 | I3: -32 | J3: 1.17 | K3: 5.550001 | L3: 1.7120728 | M3: -2.1395033 | N3: -1.376386 | O3: -1.0276308
A4: 9.5241877 | B4: -12.519304 | C4: -11.27575 | D4: 16.081182 | E4: 1.43058 | F4: 0.194933 | G4: 18.487333 | H4: -36 | I4: -28 | J4: 1.17 | K4: 5.591862 | L4: 1.5606064 | M4: -2.1459005 | N4: -1.2798111 | O4: -0.90728705
A5: 9.208219 | B5: -11.607936 | C5: -9.4265265 | D5: 17.439538 | E5: 2.6376153 | F5: 0.1462065 | G5: 19.007545 | H5: -36 | I5: -24 | J5: 1.17 | K5: 5.6781687 | L5: 1.4165835 | M5: -2.2082437 | N5: -1.2444743 | O5: -0.81059771
A6: 8.666556 | B6: -10.888435 | C6: -7.351789 | D6: 18.403534 | E6: 3.799944 | F6: 0.1462065 | G6: 19.248759 | H6: -36 | I6: -20 | J6: 1.17 | K6: 5.7143467 | L6: 1.2398032 | M6: -2.267169 | N6: -1.1957217 | O6: -0.71720326
A7: 7.8992035 | B7: -10.216903 | C7: -4.871124 | D7: 19.411346 | E7: 4.9175695 | F7: 0.194933 | G7: 19.648938 | H7: -36 | I7: -16 | J7: 1.17 | K7: 5.7666572 | L7: 1.0247549 | M7: -2.377572 | N7: -1.1822181 | O7: -0.62099331
A8: 6.770742 | B8: -9.9291022 | C8: -2.70618 | D8: 20.068615 | E8: 5.632849 | F8: 0.194933 | G8: 20.087968 | H8: -36 | I8: -12 | J8: 1.17 | K8: 5.8313855 | L8: 0.79300515 | M8: -2.5102346 | N8: -1.2095798 | O8: -0.54489698
A9: 5.416589 | B9: -9.5933365 | C9: -0.1353225 | D9: 20.59443 | E9: 6.303424 | F9: 0.194933 | G9: 20.289229 | H9: -36 | I9: -8 | J9: 1.17 | K9: 5.8607902 | L9: 0.49713562 | M9: -2.7033642 | N9: -1.2524886 | O9: -0.45299868
A10: 3.7464655 | B10: -9.5453702 | C10: 1.897299 | D10: 21.076428 | E10: 6.795178 | F10: 0.194933 | G10: 20.728223 | H10: -36 | I10: -4 | J10: 1.17 | K10: 5.9244845 | L10: 0.17407946 | M10: -2.8836972 | N10: -1.312146 | O10: -0.37842915
A11: 1.8506498 | B11: -9.4494368 | C11: 4.020476 | D11: 21.383154 | E11: 7.0634095 | F11: 0.1462065 | G11: 20.8895 | H11: -36 | I11: 0 | J11: 1.17 | K11: 5.9546833 | L11: -0.19972078 | M11: -2.8384583 | N11: -1.2728094 | O11: -0.36323124
A12: -0.315391 | B12: -9.6413027 | C12: 5.9173928 | D12: 21.383154 | E12: 6.973999 | F12: 0.194933 | G12: 21.04834 | H12: -36 | I12: 4 | J12: 1.17 | K12: 5.9704448 | L12: -0.52148852 | M12: -2.5957947 | N12: -1.1776737 | O12: -0.43277245
A13: -2.5231258 | B13: -9.2575698 | C13: 7.36335 | D13: 20.682066 | E13: 6.5269495 | F13: 0.1462065 | G13: 20.446921 | H13: -36 | I13: 8 | J13: 1.17 | K13: 5.8908192 | L13: -0.79615576 | M13: -2.4111641 | N13: -1.1210387 | O13: -0.48606585
... A362: -16.084923 | B362: 13.804888 | C362: 9.3937 | D362: -15.690727 | E362: -4.1478732 | F362: 0.194933 | G362: 18.529522 | H362: 36 | I362: 36 | J362: 1.16 | K362: 5.622388 | L362: -2.1703033 | M362: 2.512509 | N362: -1.931755 | O362: -1.3699293

Sheet R2
A1: P1 (Top) | B1: P2 (Left) | C1: P3 (Bottom) | D1: P4 (Right) | E1: P5 (Center) | F1: Pstatic (P) | G1: Ptot_ref (P0) | H1: Alpha | I1: Beta | J1: Density | K1: Flow Velocity | L1: C Alpha | M1: C Beta | N1: C p0 | O1: Cp
A2: 8.847111 | B2: -13.766438 | C2: -13.622003 | D2: 12.488111 | E2: -1.6056285 | F2: 0.09748 | G2: 16.84866 | H2: -36 | I2: -36 | J2: 1.17 | K2: 5.3511058 | L2: 1.8587579 | M2: -2.171949 | N2: -1.5267003 | O2: -1.1409322
A3: 9.0728027 | B3: -12.903037 | C3: -12.403325 | D3: 13.97792 | E3: -0.133796 | F3: 0.09748 | G3: 17.524915 | H3: -36 | I3: -32 | J3: 1.17 | K3: 5.4580305 | L3: 1.715451 | M3: -2.1471477 | N3: -1.4105396 | O3: -1.0184845
A4: 9.1179415 | B4: -11.99167 | C4: -10.869822 | D4: 15.423912 | E4: 1.2964658 | F4: 0.09748 | G4: 17.808107 | H4: -36 | I4: -28 | J4: 1.17 | K4: 5.5021865 | L4: 1.5704976 | M4: -2.1541521 | N4: -1.2974172 | O4: -0.90576728
A5: 8.8019723 | B5: -10.984369 | C5: -8.885291 | D5: 16.475544 | E5: 2.5929105 | F5: 0.1462065 | G5: 18.007143 | H5: -36 | I5: -24 | J5: 1.17 | K5: 5.5255208 | L5: 1.4118499 | M5: -2.192 | N5: -1.2304581 | O5: -0.80472741
A6: 8.2603107 | B6: -10.025036 | C6: -6.7203468 | D6: 17.527174 | E6: 3.7105342 | F6: 0.1462065 | G6: 18.366215 | H6: -36 | I6: -20 | J6: 1.17 | K6: 5.5807665 | L6: 1.2398001 | M6: -2.2804376 | N6: -1.2130732 | O6: -0.70503137
A7: 7.40268 | B7: -9.7372363 | C7: -4.555403 | D7: 18.403534 | E7: 4.6046347 | F7: 0.0487535 | G7: 18.647396 | H7: -36 | I7: -16 | J7: 1.17 | K7: 5.6384457 | L7: 1.0176274 | M7: -2.3947546 | N7: -1.1950368 | O7: -0.61229021
A8: 6.2290805 | B8: -9.2575698 | C8: -2.300253 | D8: 18.929348 | E8: 5.319915 | F8: 0.0487535 | G8: 18.928616 | H8: -36 | I8: -12 | J8: 1.17 | K8: 5.6809565 | L8: 0.76842349 | M8: -2.5399267 | N8: -1.2264164 | O8: -0.52510128
A9: 5.0103415 | B9: -9.1136695 | C9: -0.225515 | D9: 19.455164 | E9: 5.90108 | F9: 0.09748 | G9: 19.248759 | H9: -36 | I9: -8 | J9: 1.17 | K9: 5.7216035 | L9: 0.4953097 | M9: -2.7027345 | N9: -1.2628006 | O9: -0.45092279
A10: 3.520773 | B10: -9.0657027 | C10: 1.5810812 | D10: 19.98098 | E10: 6.303424 | F10: 0.09748 | G10: 19.409973 | H10: -36 | I10: -4 | J10: 1.17 | K10: 5.7456653 | L10: 0.19313526 | M10: -2.8915567 | N10: -1.3047438 | O10: -0.38220051
A11: 1.805511 | B11: -8.921803 | C11: 3.61391 | D11: 20.15625 | E11: 6.61636 | F11: 0.194933 | G11: 19.767841 | H11: -36 | I11: 0 | J11: 1.1675 | K11: 5.7905065 | L11: -0.17774221 | M11: -2.8579517 | N11: -1.2926204 | O11: -0.36885685
A12: -0.225267 | B12: -8.634003 | C12: 5.330521 | D12: 19.630436 | E12: 6.437539 | F12: 0.194933 | G12: 19.169849 | H12: -36 | I12: 4 | J12: 1.17 | K12: 5.6952297 | L12: -0.51117438 | M12: -2.6010152 | N12: -1.171726 | O12: -0.42550335
A13: -2.207593 | B13: -8.3941692 | C13: 6.5945075 | D13: 18.88553 | E13: 6.0799 | F13: 0.09748 | G13: 18.647396 | H13: -36 | I13: 8 | J13: 1.17 | K13: 5.6310655 | L13: -0.77344415 | M13: -2.39701 | N13: -1.1043116 | O13: -0.4743575
... A362: -14.912493 | B362: 12.794775 | C362: 8.854091 | D362: -14.641765 | E362: -3.7910673 | F362: 0.1462065 | G362: 17.526952 | H362: 36 | I362: 36 | J362: 1.17 | K362: 5.4507375 | L362: -2.163448 | M362: 2.4975261 | N362: -1.9406766 | O362: -1.3584796

Sheet R3
A1: P1 (Top) | B1: P2 (Left) | C1: P3 (Bottom) | D1: P4 (Right) | E1: P5 (Center) | F1: Pstatic (P) | G1: Ptot_ref (P0) | H1: Alpha | I1: Beta0 | J1: Density | K1: Flow Velocity | L1: C Alpha | M1: C Beta | N1: C p0 | O1: Cp
A2: 9.9742913 | B2: -16.071067 | C2: -16.282183 | D2: 14.284646 | E2: -2.051636 | F2: 2.7e-05 | G2: 19.24989 | H2: -36 | I2: -36 | J2: 1.1625 | K2: 5.7548293 | L2: 1.858865 | M2: -2.1490818 | N2: -1.5080666 | O2: -1.1452314
A3: 10.290877 | B3: -14.967675 | C3: -14.703577 | D3: 16.081182 | E3: -0.35680525 | F3: 2.7e-05 | G3: 19.93024 | H3: -36 | I3: -32 | J3: 1.1625 | K3: 5.8556472 | L3: 1.7262532 | M3: -2.1444444 | N3: -1.4011461 | O3: -1.0246234
A4: 10.290877 | B4: -13.767413 | C4: -12.719045 | D4: 17.702446 | E4: 1.296465 | F4: 2.7e-05 | G4: 20.450505 | H4: -36 | I4: -28 | J4: 1.1675 | K4: 5.9188918 | L4: 1.5825377 | M4: -2.1644082 | N4: -1.3173404 | O4: -0.91081468
A5: 9.8401565 | B5: -12.568152 | C5: -10.508999 | D5: 18.929348 | E5: 2.68232 | F5: 2.7e-05 | G5: 20.770671 | H5: -36 | I5: -24 | J5: 1.165 | K5: 5.971457 | L5: 1.4309404 | M5: -2.214907 | N5: -1.2719801 | O5: -0.81137801
A6: 9.2076258 | B6: -11.754294 | C6: -8.028334 | D6: 20.112433 | E6: 3.9787642 | F6: 2.7e-05 | G6: 21.130856 | H6: -36 | I6: -20 | J6: 1.17 | K6: 6.010081 | L6: 1.242698 | M6: -2.2975408 | N6: -1.2366778 | O6: -0.71314903
A7: 8.2587205 | B7: -11.272958 | C7: -5.682978 | D7: 21.03261 | E7: 5.006979 | F7: -0.0485825 | G7: 21.451019 | H7: -36 | I7: -16 | J7: 1.165 | K7: 6.0753385 | L7: 1.0338654 | M7: -2.3957239 | N7: -1.219477 | O7: -0.62510237
A8: 7.0411208 | B8: -10.746032 | C8: -2.931695 | D8: 21.689879 | E8: 5.90108 | F8: 2.7e-05 | G8: 21.771185 | H8: -36 | I8: -12 | J8: 1.165 | K8: 6.113583 | L8: 0.78278765 | M8: -2.5460189 | N8: -1.2457081 | O8: -0.53680272
A9: 5.597142 | B9: -10.459649 | C9: -0.360824 | D9: 22.259512 | E9: 6.61636 | F9: 2.7e-05 | G9: 22.091349 | H9: -36 | I9: -8 | J9: 1.1675 | K9: 6.1517637 | L9: 0.49540707 | M9: -2.7205784 | N9: -1.286751 | O9: -0.44984947
A10: 3.6105965 | B10: -10.458192 | C10: 1.7613 | D10: 22.653874 | E10: 7.0187042 | F10: 2.7e-05 | G10: 22.411512 | H10: -36 | I10: -4 | J10: 1.17 | K10: 6.189526 | L10: 0.16266975 | M10: -2.9130784 | N10: -1.3542314 | O10: -0.3825419
A11: 1.7602647 | B11: -10.26702 | C11: 3.9745085 | D11: 22.916782 | E11: 7.286935 | F11: 2.7e-05 | G11: 22.571594 | H11: -36 | I11: 0 | J11: 1.165 | K11: 6.2249505 | L11: -0.19188236 | M11: -2.8754473 | N11: -1.324452 | O11: -0.36853372
A12: -0.6758365 | B12: -10.362232 | C12: 6.3682665 | D12: 23.048235 | E12: 7.4210495 | F12: 2.7e-05 | G12: 22.771697 | H12: -36 | I12: 4 | J12: 1.165 | K12: 6.2524868 | L12: -0.54438185 | M12: -2.5820052 | N12: -1.1863302 | O12: -0.4264993
A13: -2.973683 | B13: -9.8825123 | C13: 7.677538 | D13: 21.952786 | E13: 6.795178 | F13: 2.7e-05 | G13: 21.851226 | H13: -36 | I13: 8 | J13: 1.1625 | K13: 6.1313603 | L13: -0.80559273 | M13: -2.4076205 | N13: -1.1387245 | O13: -0.48605675
... A362: -18.517935 | B362: 15.440309 | C362: 10.342104 | D362: -17.876065 | E362: -4.9956135 | F362: 2.7e-05 | G362: 20.970774 | H362: 36 | I362: 36 | J362: 1.1675 | K362: 5.99371 | L362: -2.1862853 | M362: 2.5238336 | N362: -1.9670773 | O362: -1.3784439
