Workbook

Sheet Sheet1
A1: Alpha | B1: Beta | C1: Density | D1: Flow Velocity | E1: C Alpha | F1: C Beta | G1: C p0 | H1: Cp | I1: Re | K1: C Alpha | L1: C Beta | M1: C p0 | N1: Cp
A2: =-'R1'!H2 -> 44 | B2: =DEGREES(ATAN(-SIN(RADIANS(('R1'!I2)))/(COS(RADIANS(Sheet1!A2))*COS(RADIANS('R1'!I2))))) -> 53.317642 | C2: =AVERAGE('R1'!J2,'R2'!J2,'R3'!J2) -> 1.18 | D2: =AVERAGE('R1'!K2,'R2'!K2,'R3'!K2) -> 16.077529 | E2: =AVERAGE('R1'!L2,'R2'!L2,'R3'!L2) -> 2.3307165 | F2: =AVERAGE('R1'!M2,'R2'!M2,'R3'!M2) -> -2.7659073 | G2: =AVERAGE('R1'!N2,'R2'!N2,'R3'!N2) -> -2.4111472 | H2: =AVERAGE('R1'!O2,'R2'!O2,'R3'!O2) -> -1.9850352 | I2: =C2*D2*0.003/(1.8*10^-5) -> 3161.9141 | K2: =_xlfn.STDEV.S('R1'!L2,'R2'!L2,'R3'!L2) -> 0.020505131 | L2: =_xlfn.STDEV.S('R1'!M2,'R2'!M2,'R3'!M2) -> 0.031966707 | M2: =_xlfn.STDEV.S('R1'!N2,'R2'!N2,'R3'!N2) -> 0.041390866 | N2: =_xlfn.STDEV.S('R1'!O2,'R2'!O2,'R3'!O2) -> 0.021407454 | P2: =MAX(K:K) -> 0.10741911 | Q2: =MAX(L:L) -> 0.035701766 | R2: =MAX(M:M) -> 0.081318182 | S2: =MAX(N:N) -> 0.038830655
A3: =-'R1'!H3 -> 44 | B3: =DEGREES(ATAN(-SIN(RADIANS(('R1'!I3)))/(COS(RADIANS(Sheet1!A3))*COS(RADIANS('R1'!I3))))) -> 49.394315 | C3: =AVERAGE('R1'!J3,'R2'!J3,'R3'!J3) -> 1.18 | D3: =AVERAGE('R1'!K3,'R2'!K3,'R3'!K3) -> 16.047014 | E3: =AVERAGE('R1'!L3,'R2'!L3,'R3'!L3) -> 2.2030421 | F3: =AVERAGE('R1'!M3,'R2'!M3,'R3'!M3) -> -2.7027467 | G3: =AVERAGE('R1'!N3,'R2'!N3,'R3'!N3) -> -2.2390646 | H3: =AVERAGE('R1'!O3,'R2'!O3,'R3'!O3) -> -1.8475633 | I3: =C3*D3*0.003/(1.8*10^-5) -> 3155.9127 | K3: =_xlfn.STDEV.S('R1'!L3,'R2'!L3,'R3'!L3) -> 0.0075132249 | L3: =_xlfn.STDEV.S('R1'!M3,'R2'!M3,'R3'!M3) -> 0.017036686 | M3: =_xlfn.STDEV.S('R1'!N3,'R2'!N3,'R3'!N3) -> 0.019135382 | N3: =_xlfn.STDEV.S('R1'!O3,'R2'!O3,'R3'!O3) -> 0.016411792 | P3: =MIN(K:K) -> 0.000309213 | Q3: =MIN(L:L) -> 0.00039935531 | R3: =MIN(M:M) -> 0.00034332045 | S3: =MIN(N:N) -> 0.00015934691
A4: =-'R1'!H4 -> 44 | B4: =DEGREES(ATAN(-SIN(RADIANS(('R1'!I4)))/(COS(RADIANS(Sheet1!A4))*COS(RADIANS('R1'!I4))))) -> 45.285419 | C4: =AVERAGE('R1'!J4,'R2'!J4,'R3'!J4) -> 1.18 | D4: =AVERAGE('R1'!K4,'R2'!K4,'R3'!K4) -> 16.032926 | E4: =AVERAGE('R1'!L4,'R2'!L4,'R3'!L4) -> 2.0867089 | F4: =AVERAGE('R1'!M4,'R2'!M4,'R3'!M4) -> -2.7009146 | G4: =AVERAGE('R1'!N4,'R2'!N4,'R3'!N4) -> -2.1369158 | H4: =AVERAGE('R1'!O4,'R2'!O4,'R3'!O4) -> -1.7432378 | I4: =C4*D4*0.003/(1.8*10^-5) -> 3153.142 | K4: =_xlfn.STDEV.S('R1'!L4,'R2'!L4,'R3'!L4) -> 0.0070451667 | L4: =_xlfn.STDEV.S('R1'!M4,'R2'!M4,'R3'!M4) -> 0.0066094087 | M4: =_xlfn.STDEV.S('R1'!N4,'R2'!N4,'R3'!N4) -> 0.008663376 | N4: =_xlfn.STDEV.S('R1'!O4,'R2'!O4,'R3'!O4) -> 0.0047915447 | P4: =AVERAGE(K:K) -> 0.0081992473 | Q4: =AVERAGE(L:L) -> 0.0070980091 | R4: =AVERAGE(M:M) -> 0.0077069941 | S4: =AVERAGE(N:N) -> 0.0059976847
A5: =-'R1'!H5 -> 44 | B5: =DEGREES(ATAN(-SIN(RADIANS(('R1'!I5)))/(COS(RADIANS(Sheet1!A5))*COS(RADIANS('R1'!I5))))) -> 40.979887 | C5: =AVERAGE('R1'!J5,'R2'!J5,'R3'!J5) -> 1.18 | D5: =AVERAGE('R1'!K5,'R2'!K5,'R3'!K5) -> 16.05028 | E5: =AVERAGE('R1'!L5,'R2'!L5,'R3'!L5) -> 1.9662365 | F5: =AVERAGE('R1'!M5,'R2'!M5,'R3'!M5) -> -2.7385458 | G5: =AVERAGE('R1'!N5,'R2'!N5,'R3'!N5) -> -2.0701069 | H5: =AVERAGE('R1'!O5,'R2'!O5,'R3'!O5) -> -1.6562692 | I5: =C5*D5*0.003/(1.8*10^-5) -> 3156.5551 | K5: =_xlfn.STDEV.S('R1'!L5,'R2'!L5,'R3'!L5) -> 0.0076299143 | L5: =_xlfn.STDEV.S('R1'!M5,'R2'!M5,'R3'!M5) -> 0.0074464222 | M5: =_xlfn.STDEV.S('R1'!N5,'R2'!N5,'R3'!N5) -> 0.0094314517 | N5: =_xlfn.STDEV.S('R1'!O5,'R2'!O5,'R3'!O5) -> 0.0079274744
A6: =-'R1'!H6 -> 44 | B6: =DEGREES(ATAN(-SIN(RADIANS(('R1'!I6)))/(COS(RADIANS(Sheet1!A6))*COS(RADIANS('R1'!I6))))) -> 36.470444 | C6: =AVERAGE('R1'!J6,'R2'!J6,'R3'!J6) -> 1.18 | D6: =AVERAGE('R1'!K6,'R2'!K6,'R3'!K6) -> 16.007837 | E6: =AVERAGE('R1'!L6,'R2'!L6,'R3'!L6) -> 1.8319211 | F6: =AVERAGE('R1'!M6,'R2'!M6,'R3'!M6) -> -2.8482657 | G6: =AVERAGE('R1'!N6,'R2'!N6,'R3'!N6) -> -2.0605675 | H6: =AVERAGE('R1'!O6,'R2'!O6,'R3'!O6) -> -1.5922918 | I6: =C6*D6*0.003/(1.8*10^-5) -> 3148.208 | K6: =_xlfn.STDEV.S('R1'!L6,'R2'!L6,'R3'!L6) -> 0.0025975236 | L6: =_xlfn.STDEV.S('R1'!M6,'R2'!M6,'R3'!M6) -> 0.018293972 | M6: =_xlfn.STDEV.S('R1'!N6,'R2'!N6,'R3'!N6) -> 0.014810172 | N6: =_xlfn.STDEV.S('R1'!O6,'R2'!O6,'R3'!O6) -> 0.0046302645 | P6: =AVERAGE(P2:P4) -> 0.038642524 | Q6: =AVERAGE(Q2:Q4) -> 0.01439971 | R6: =AVERAGE(R2:R4) -> 0.029789499 | S6: =AVERAGE(S2:S4) -> 0.014995896
A7: =-'R1'!H7 -> 44 | B7: =DEGREES(ATAN(-SIN(RADIANS(('R1'!I7)))/(COS(RADIANS(Sheet1!A7))*COS(RADIANS('R1'!I7))))) -> 31.755051 | C7: =AVERAGE('R1'!J7,'R2'!J7,'R3'!J7) -> 1.18 | D7: =AVERAGE('R1'!K7,'R2'!K7,'R3'!K7) -> 16.013098 | E7: =AVERAGE('R1'!L7,'R2'!L7,'R3'!L7) -> 1.6833427 | F7: =AVERAGE('R1'!M7,'R2'!M7,'R3'!M7) -> -2.9951651 | G7: =AVERAGE('R1'!N7,'R2'!N7,'R3'!N7) -> -2.0843464 | H7: =AVERAGE('R1'!O7,'R2'!O7,'R3'!O7) -> -1.5435565 | I7: =C7*D7*0.003/(1.8*10^-5) -> 3149.2427 | K7: =_xlfn.STDEV.S('R1'!L7,'R2'!L7,'R3'!L7) -> 0.011393874 | L7: =_xlfn.STDEV.S('R1'!M7,'R2'!M7,'R3'!M7) -> 0.016528336 | M7: =_xlfn.STDEV.S('R1'!N7,'R2'!N7,'R3'!N7) -> 0.015730931 | N7: =_xlfn.STDEV.S('R1'!O7,'R2'!O7,'R3'!O7) -> 0.01129743
A8: =-'R1'!H8 -> 44 | B8: =DEGREES(ATAN(-SIN(RADIANS(('R1'!I8)))/(COS(RADIANS(Sheet1!A8))*COS(RADIANS('R1'!I8))))) -> 26.838414 | C8: =AVERAGE('R1'!J8,'R2'!J8,'R3'!J8) -> 1.18 | D8: =AVERAGE('R1'!K8,'R2'!K8,'R3'!K8) -> 16.025277 | E8: =AVERAGE('R1'!L8,'R2'!L8,'R3'!L8) -> 1.4953852 | F8: =AVERAGE('R1'!M8,'R2'!M8,'R3'!M8) -> -3.2037938 | G8: =AVERAGE('R1'!N8,'R2'!N8,'R3'!N8) -> -2.1557799 | H8: =AVERAGE('R1'!O8,'R2'!O8,'R3'!O8) -> -1.5098122 | I8: =C8*D8*0.003/(1.8*10^-5) -> 3151.6379 | K8: =_xlfn.STDEV.S('R1'!L8,'R2'!L8,'R3'!L8) -> 0.013813412 | L8: =_xlfn.STDEV.S('R1'!M8,'R2'!M8,'R3'!M8) -> 0.015304171 | M8: =_xlfn.STDEV.S('R1'!N8,'R2'!N8,'R3'!N8) -> 0.021853821 | N8: =_xlfn.STDEV.S('R1'!O8,'R2'!O8,'R3'!O8) -> 0.014460838 | P8: =AVERAGE(I:I) -> 3068.5023
A9: =-'R1'!H9 -> 44 | B9: =DEGREES(ATAN(-SIN(RADIANS(('R1'!I9)))/(COS(RADIANS(Sheet1!A9))*COS(RADIANS('R1'!I9))))) -> 21.733363 | C9: =AVERAGE('R1'!J9,'R2'!J9,'R3'!J9) -> 1.18 | D9: =AVERAGE('R1'!K9,'R2'!K9,'R3'!K9) -> 15.979868 | E9: =AVERAGE('R1'!L9,'R2'!L9,'R3'!L9) -> 1.277925 | F9: =AVERAGE('R1'!M9,'R2'!M9,'R3'!M9) -> -3.4744474 | G9: =AVERAGE('R1'!N9,'R2'!N9,'R3'!N9) -> -2.2749133 | H9: =AVERAGE('R1'!O9,'R2'!O9,'R3'!O9) -> -1.4925186 | I9: =C9*D9*0.003/(1.8*10^-5) -> 3142.7074 | K9: =_xlfn.STDEV.S('R1'!L9,'R2'!L9,'R3'!L9) -> 0.0084010094 | L9: =_xlfn.STDEV.S('R1'!M9,'R2'!M9,'R3'!M9) -> 0.023136423 | M9: =_xlfn.STDEV.S('R1'!N9,'R2'!N9,'R3'!N9) -> 0.017146498 | N9: =_xlfn.STDEV.S('R1'!O9,'R2'!O9,'R3'!O9) -> 0.0075105711
A10: =-'R1'!H10 -> 44 | B10: =DEGREES(ATAN(-SIN(RADIANS(('R1'!I10)))/(COS(RADIANS(Sheet1!A10))*COS(RADIANS('R1'!I10))))) -> 16.461798 | C10: =AVERAGE('R1'!J10,'R2'!J10,'R3'!J10) -> 1.1791667 | D10: =AVERAGE('R1'!K10,'R2'!K10,'R3'!K10) -> 15.98539 | E10: =AVERAGE('R1'!L10,'R2'!L10,'R3'!L10) -> 0.99114264 | F10: =AVERAGE('R1'!M10,'R2'!M10,'R3'!M10) -> -3.7915559 | G10: =AVERAGE('R1'!N10,'R2'!N10,'R3'!N10) -> -2.4189987 | H10: =AVERAGE('R1'!O10,'R2'!O10,'R3'!O10) -> -1.4711698 | I10: =C10*D10*0.003/(1.8*10^-5) -> 3141.5731 | K10: =_xlfn.STDEV.S('R1'!L10,'R2'!L10,'R3'!L10) -> 0.015356669 | L10: =_xlfn.STDEV.S('R1'!M10,'R2'!M10,'R3'!M10) -> 0.018679121 | M10: =_xlfn.STDEV.S('R1'!N10,'R2'!N10,'R3'!N10) -> 0.019125256 | N10: =_xlfn.STDEV.S('R1'!O10,'R2'!O10,'R3'!O10) -> 0.016971668
A11: =-'R1'!H11 -> 44 | B11: =DEGREES(ATAN(-SIN(RADIANS(('R1'!I11)))/(COS(RADIANS(Sheet1!A11))*COS(RADIANS('R1'!I11))))) -> 11.054893 | C11: =AVERAGE('R1'!J11,'R2'!J11,'R3'!J11) -> 1.18 | D11: =AVERAGE('R1'!K11,'R2'!K11,'R3'!K11) -> 15.968009 | E11: =AVERAGE('R1'!L11,'R2'!L11,'R3'!L11) -> 0.63638153 | F11: =AVERAGE('R1'!M11,'R2'!M11,'R3'!M11) -> -4.2404129 | G11: =AVERAGE('R1'!N11,'R2'!N11,'R3'!N11) -> -2.6670519 | H11: =AVERAGE('R1'!O11,'R2'!O11,'R3'!O11) -> -1.494124 | I11: =C11*D11*0.003/(1.8*10^-5) -> 3140.3752 | K11: =_xlfn.STDEV.S('R1'!L11,'R2'!L11,'R3'!L11) -> 0.018196587 | L11: =_xlfn.STDEV.S('R1'!M11,'R2'!M11,'R3'!M11) -> 0.035402631 | M11: =_xlfn.STDEV.S('R1'!N11,'R2'!N11,'R3'!N11) -> 0.034700696 | N11: =_xlfn.STDEV.S('R1'!O11,'R2'!O11,'R3'!O11) -> 0.019117563
A12: =-'R1'!H12 -> 44 | B12: =DEGREES(ATAN(-SIN(RADIANS(('R1'!I12)))/(COS(RADIANS(Sheet1!A12))*COS(RADIANS('R1'!I12))))) -> 5.5522607 | C12: =AVERAGE('R1'!J12,'R2'!J12,'R3'!J12) -> 1.18 | D12: =AVERAGE('R1'!K12,'R2'!K12,'R3'!K12) -> 15.931678 | E12: =AVERAGE('R1'!L12,'R2'!L12,'R3'!L12) -> 0.17691118 | F12: =AVERAGE('R1'!M12,'R2'!M12,'R3'!M12) -> -4.6804325 | G12: =AVERAGE('R1'!N12,'R2'!N12,'R3'!N12) -> -2.8891556 | H12: =AVERAGE('R1'!O12,'R2'!O12,'R3'!O12) -> -1.4859543 | I12: =C12*D12*0.003/(1.8*10^-5) -> 3133.23 | K12: =_xlfn.STDEV.S('R1'!L12,'R2'!L12,'R3'!L12) -> 0.0091665707 | L12: =_xlfn.STDEV.S('R1'!M12,'R2'!M12,'R3'!M12) -> 0.015176333 | M12: =_xlfn.STDEV.S('R1'!N12,'R2'!N12,'R3'!N12) -> 0.015981828 | N12: =_xlfn.STDEV.S('R1'!O12,'R2'!O12,'R3'!O12) -> 0.0070988627
A13: =-'R1'!H13 -> 44 | B13: =DEGREES(ATAN(-SIN(RADIANS(('R1'!I13)))/(COS(RADIANS(Sheet1!A13))*COS(RADIANS('R1'!I13))))) -> 0 | C13: =AVERAGE('R1'!J13,'R2'!J13,'R3'!J13) -> 1.18 | D13: =AVERAGE('R1'!K13,'R2'!K13,'R3'!K13) -> 15.953558 | E13: =AVERAGE('R1'!L13,'R2'!L13,'R3'!L13) -> -0.33010927 | F13: =AVERAGE('R1'!M13,'R2'!M13,'R3'!M13) -> -4.4180378 | G13: =AVERAGE('R1'!N13,'R2'!N13,'R3'!N13) -> -2.7099953 | H13: =AVERAGE('R1'!O13,'R2'!O13,'R3'!O13) -> -1.4410006 | I13: =C13*D13*0.003/(1.8*10^-5) -> 3137.5331 | K13: =_xlfn.STDEV.S('R1'!L13,'R2'!L13,'R3'!L13) -> 0.019860982 | L13: =_xlfn.STDEV.S('R1'!M13,'R2'!M13,'R3'!M13) -> 0.018319718 | M13: =_xlfn.STDEV.S('R1'!N13,'R2'!N13,'R3'!N13) -> 0.01789032 | N13: =_xlfn.STDEV.S('R1'!O13,'R2'!O13,'R3'!O13) -> 0.010744475
A14: =-'R1'!H14 -> 44 | B14: =DEGREES(ATAN(-SIN(RADIANS(('R1'!I14)))/(COS(RADIANS(Sheet1!A14))*COS(RADIANS('R1'!I14))))) -> -5.5522607 | C14: =AVERAGE('R1'!J14,'R2'!J14,'R3'!J14) -> 1.18 | D14: =AVERAGE('R1'!K14,'R2'!K14,'R3'!K14) -> 15.926705 | E14: =AVERAGE('R1'!L14,'R2'!L14,'R3'!L14) -> -0.71273633 | F14: =AVERAGE('R1'!M14,'R2'!M14,'R3'!M14) -> -3.8520495 | G14: =AVERAGE('R1'!N14,'R2'!N14,'R3'!N14) -> -2.3476806 | H14: =AVERAGE('R1'!O14,'R2'!O14,'R3'!O14) -> -1.3750005 | I14: =C14*D14*0.003/(1.8*10^-5) -> 3132.2519 | K14: =_xlfn.STDEV.S('R1'!L14,'R2'!L14,'R3'!L14) -> 0.015327217 | L14: =_xlfn.STDEV.S('R1'!M14,'R2'!M14,'R3'!M14) -> 0.024143548 | M14: =_xlfn.STDEV.S('R1'!N14,'R2'!N14,'R3'!N14) -> 0.015289122 | N14: =_xlfn.STDEV.S('R1'!O14,'R2'!O14,'R3'!O14) -> 0.0057247179
A15: =-'R1'!H15 -> 44 | B15: =DEGREES(ATAN(-SIN(RADIANS(('R1'!I15)))/(COS(RADIANS(Sheet1!A15))*COS(RADIANS('R1'!I15))))) -> -11.054893 | C15: =AVERAGE('R1'!J15,'R2'!J15,'R3'!J15) -> 1.18 | D15: =AVERAGE('R1'!K15,'R2'!K15,'R3'!K15) -> 15.919804 | E15: =AVERAGE('R1'!L15,'R2'!L15,'R3'!L15) -> -1.0175121 | F15: =AVERAGE('R1'!M15,'R2'!M15,'R3'!M15) -> -3.4396534 | G15: =AVERAGE('R1'!N15,'R2'!N15,'R3'!N15) -> -2.1063238 | H15: =AVERAGE('R1'!O15,'R2'!O15,'R3'!O15) -> -1.347684 | I15: =C15*D15*0.003/(1.8*10^-5) -> 3130.8948 | K15: =_xlfn.STDEV.S('R1'!L15,'R2'!L15,'R3'!L15) -> 0.0042204104 | L15: =_xlfn.STDEV.S('R1'!M15,'R2'!M15,'R3'!M15) -> 0.023719892 | M15: =_xlfn.STDEV.S('R1'!N15,'R2'!N15,'R3'!N15) -> 0.020428661 | N15: =_xlfn.STDEV.S('R1'!O15,'R2'!O15,'R3'!O15) -> 0.012123465
A16: =-'R1'!H16 -> 44 | B16: =DEGREES(ATAN(-SIN(RADIANS(('R1'!I16)))/(COS(RADIANS(Sheet1!A16))*COS(RADIANS('R1'!I16))))) -> -16.461798 | C16: =AVERAGE('R1'!J16,'R2'!J16,'R3'!J16) -> 1.18 | D16: =AVERAGE('R1'!K16,'R2'!K16,'R3'!K16) -> 15.939757 | E16: =AVERAGE('R1'!L16,'R2'!L16,'R3'!L16) -> -1.2544601 | F16: =AVERAGE('R1'!M16,'R2'!M16,'R3'!M16) -> -3.1350682 | G16: =AVERAGE('R1'!N16,'R2'!N16,'R3'!N16) -> -1.9491116 | H16: =AVERAGE('R1'!O16,'R2'!O16,'R3'!O16) -> -1.3481744 | I16: =C16*D16*0.003/(1.8*10^-5) -> 3134.8188 | K16: =_xlfn.STDEV.S('R1'!L16,'R2'!L16,'R3'!L16) -> 0.010716638 | L16: =_xlfn.STDEV.S('R1'!M16,'R2'!M16,'R3'!M16) -> 0.015987473 | M16: =_xlfn.STDEV.S('R1'!N16,'R2'!N16,'R3'!N16) -> 0.011630201 | N16: =_xlfn.STDEV.S('R1'!O16,'R2'!O16,'R3'!O16) -> 0.0096617558
A17: =-'R1'!H17 -> 44 | B17: =DEGREES(ATAN(-SIN(RADIANS(('R1'!I17)))/(COS(RADIANS(Sheet1!A17))*COS(RADIANS('R1'!I17))))) -> -21.733363 | C17: =AVERAGE('R1'!J17,'R2'!J17,'R3'!J17) -> 1.18 | D17: =AVERAGE('R1'!K17,'R2'!K17,'R3'!K17) -> 15.904338 | E17: =AVERAGE('R1'!L17,'R2'!L17,'R3'!L17) -> -1.4475244 | F17: =AVERAGE('R1'!M17,'R2'!M17,'R3'!M17) -> -2.9202328 | G17: =AVERAGE('R1'!N17,'R2'!N17,'R3'!N17) -> -1.8597326 | H17: =AVERAGE('R1'!O17,'R2'!O17,'R3'!O17) -> -1.357245 | I17: =C17*D17*0.003/(1.8*10^-5) -> 3127.8531 | K17: =_xlfn.STDEV.S('R1'!L17,'R2'!L17,'R3'!L17) -> 0.0027465119 | L17: =_xlfn.STDEV.S('R1'!M17,'R2'!M17,'R3'!M17) -> 0.013088889 | M17: =_xlfn.STDEV.S('R1'!N17,'R2'!N17,'R3'!N17) -> 0.013832964 | N17: =_xlfn.STDEV.S('R1'!O17,'R2'!O17,'R3'!O17) -> 0.0068420157
A18: =-'R1'!H18 -> 44 | B18: =DEGREES(ATAN(-SIN(RADIANS(('R1'!I18)))/(COS(RADIANS(Sheet1!A18))*COS(RADIANS('R1'!I18))))) -> -26.838414 | C18: =AVERAGE('R1'!J18,'R2'!J18,'R3'!J18) -> 1.18 | D18: =AVERAGE('R1'!K18,'R2'!K18,'R3'!K18) -> 15.907721 | E18: =AVERAGE('R1'!L18,'R2'!L18,'R3'!L18) -> -1.6114648 | F18: =AVERAGE('R1'!M18,'R2'!M18,'R3'!M18) -> -2.7714191 | G18: =AVERAGE('R1'!N18,'R2'!N18,'R3'!N18) -> -1.8195089 | H18: =AVERAGE('R1'!O18,'R2'!O18,'R3'!O18) -> -1.3931027 | I18: =C18*D18*0.003/(1.8*10^-5) -> 3128.5184 | K18: =_xlfn.STDEV.S('R1'!L18,'R2'!L18,'R3'!L18) -> 0.013674854 | L18: =_xlfn.STDEV.S('R1'!M18,'R2'!M18,'R3'!M18) -> 0.006361942 | M18: =_xlfn.STDEV.S('R1'!N18,'R2'!N18,'R3'!N18) -> 0.0089843473 | N18: =_xlfn.STDEV.S('R1'!O18,'R2'!O18,'R3'!O18) -> 0.0083050803
A19: =-'R1'!H19 -> 44 | B19: =DEGREES(ATAN(-SIN(RADIANS(('R1'!I19)))/(COS(RADIANS(Sheet1!A19))*COS(RADIANS('R1'!I19))))) -> -31.755051 | C19: =AVERAGE('R1'!J19,'R2'!J19,'R3'!J19) -> 1.18 | D19: =AVERAGE('R1'!K19,'R2'!K19,'R3'!K19) -> 15.914874 | E19: =AVERAGE('R1'!L19,'R2'!L19,'R3'!L19) -> -1.7606254 | F19: =AVERAGE('R1'!M19,'R2'!M19,'R3'!M19) -> -2.6548282 | G19: =AVERAGE('R1'!N19,'R2'!N19,'R3'!N19) -> -1.8079561 | H19: =AVERAGE('R1'!O19,'R2'!O19,'R3'!O19) -> -1.4436718 | I19: =C19*D19*0.003/(1.8*10^-5) -> 3129.9252 | K19: =_xlfn.STDEV.S('R1'!L19,'R2'!L19,'R3'!L19) -> 0.0042123805 | L19: =_xlfn.STDEV.S('R1'!M19,'R2'!M19,'R3'!M19) -> 0.013977473 | M19: =_xlfn.STDEV.S('R1'!N19,'R2'!N19,'R3'!N19) -> 0.0091586736 | N19: =_xlfn.STDEV.S('R1'!O19,'R2'!O19,'R3'!O19) -> 0.0075632075
A20: =-'R1'!H20 -> 44 | B20: =DEGREES(ATAN(-SIN(RADIANS(('R1'!I20)))/(COS(RADIANS(Sheet1!A20))*COS(RADIANS('R1'!I20))))) -> -36.470444 | C20: =AVERAGE('R1'!J20,'R2'!J20,'R3'!J20) -> 1.18 | D20: =AVERAGE('R1'!K20,'R2'!K20,'R3'!K20) -> 15.887329 | E20: =AVERAGE('R1'!L20,'R2'!L20,'R3'!L20) -> -1.9067592 | F20: =AVERAGE('R1'!M20,'R2'!M20,'R3'!M20) -> -2.6096963 | G20: =AVERAGE('R1'!N20,'R2'!N20,'R3'!N20) -> -1.8532306 | H20: =AVERAGE('R1'!O20,'R2'!O20,'R3'!O20) -> -1.5180379 | I20: =C20*D20*0.003/(1.8*10^-5) -> 3124.5081 | K20: =_xlfn.STDEV.S('R1'!L20,'R2'!L20,'R3'!L20) -> 0.0043552053 | L20: =_xlfn.STDEV.S('R1'!M20,'R2'!M20,'R3'!M20) -> 0.013362697 | M20: =_xlfn.STDEV.S('R1'!N20,'R2'!N20,'R3'!N20) -> 0.014962156 | N20: =_xlfn.STDEV.S('R1'!O20,'R2'!O20,'R3'!O20) -> 0.0088760374
... A530: =-'R1'!H530 -> -44 | B530: =DEGREES(ATAN(-SIN(RADIANS(('R1'!I530)))/(COS(RADIANS(Sheet1!A530))*COS(RADIANS('R1'!I530))))) -> -53.317642 | C530: =AVERAGE('R1'!J530,'R2'!J530,'R3'!J530) -> 1.18 | D530: =AVERAGE('R1'!K530,'R2'!K530,'R3'!K530) -> 15.577837 | E530: =AVERAGE('R1'!L530,'R2'!L530,'R3'!L530) -> -2.9299487 | F530: =AVERAGE('R1'!M530,'R2'!M530,'R3'!M530) -> 3.4419079 | G530: =AVERAGE('R1'!N530,'R2'!N530,'R3'!N530) -> -3.2121225 | H530: =AVERAGE('R1'!O530,'R2'!O530,'R3'!O530) -> -2.4104795 | I530: =C530*D530*0.003/(1.8*10^-5) -> 3063.6413 | K530: =_xlfn.STDEV.S('R1'!L530,'R2'!L530,'R3'!L530) -> 0.018783205 | L530: =_xlfn.STDEV.S('R1'!M530,'R2'!M530,'R3'!M530) -> 0.033419042 | M530: =_xlfn.STDEV.S('R1'!N530,'R2'!N530,'R3'!N530) -> 0.036170416 | N530: =_xlfn.STDEV.S('R1'!O530,'R2'!O530,'R3'!O530) -> 0.014690003

Sheet Sheet2
A1: P1 | B1: P2 | C1: P3 | D1: P4 | E1: P5 | F1: Density
A2: =AVERAGE('R1'!A2,'R2'!A2,'R3'!A2) -> 34.207512 | B2: =AVERAGE('R1'!B2,'R2'!B2,'R3'!B2) -> -203.70625 | C2: =AVERAGE('R1'!C2,'R2'!C2,'R3'!C2) -> -215.0587 | D2: =AVERAGE('R1'!D2,'R2'!D2,'R3'!D2) -> 92.089696 | E2: =AVERAGE('R1'!E2,'R2'!E2,'R3'!E2) -> -102.41834 | F2: 1.18
A3: =AVERAGE('R1'!A3,'R2'!A3,'R3'!A3) -> 35.185967 | B3: =AVERAGE('R1'!B3,'R2'!B3,'R3'!B3) -> -192.38021 | C3: =AVERAGE('R1'!C3,'R2'!C3,'R3'!C3) -> -205.35988 | D3: =AVERAGE('R1'!D3,'R2'!D3,'R3'!D3) -> 102.72107 | E3: =AVERAGE('R1'!E3,'R2'!E3,'R3'!E3) -> -89.677371 | F3: 1.18
A4: =AVERAGE('R1'!A4,'R2'!A4,'R3'!A4) -> 34.68887 | B4: =AVERAGE('R1'!B4,'R2'!B4,'R3'!B4) -> -181.29901 | C4: =AVERAGE('R1'!C4,'R2'!C4,'R3'!C4) -> -192.39369 | D4: =AVERAGE('R1'!D4,'R2'!D4,'R3'!D4) -> 112.62225 | E4: =AVERAGE('R1'!E4,'R2'!E4,'R3'!E4) -> -78.021694 | F4: 1.18
A5: =AVERAGE('R1'!A5,'R2'!A5,'R3'!A5) -> 33.68248 | B5: =AVERAGE('R1'!B5,'R2'!B5,'R3'!B5) -> -172.79209 | C5: =AVERAGE('R1'!C5,'R2'!C5,'R3'!C5) -> -177.70287 | D5: =AVERAGE('R1'!D5,'R2'!D5,'R3'!D5) -> 121.61545 | E5: =AVERAGE('R1'!E5,'R2'!E5,'R3'!E5) -> -67.733769 | F5: 1.18
A6: =AVERAGE('R1'!A6,'R2'!A6,'R3'!A6) -> 30.431732 | B6: =AVERAGE('R1'!B6,'R2'!B6,'R3'!B6) -> -164.06133 | C6: =AVERAGE('R1'!C6,'R2'!C6,'R3'!C6) -> -158.20854 | D6: =AVERAGE('R1'!D6,'R2'!D6,'R3'!D6) -> 129.22646 | E6: =AVERAGE('R1'!E6,'R2'!E6,'R3'!E6) -> -58.159461 | F6: 1.18
A7: =AVERAGE('R1'!A7,'R2'!A7,'R3'!A7) -> 25.75453 | B7: =AVERAGE('R1'!B7,'R2'!B7,'R3'!B7) -> -158.001 | C7: =AVERAGE('R1'!C7,'R2'!C7,'R3'!C7) -> -139.53699 | D7: =AVERAGE('R1'!D7,'R2'!D7,'R3'!D7) -> 136.0901 | E7: =AVERAGE('R1'!E7,'R2'!E7,'R3'!E7) -> -50.577323 | F7: 1.18
A8: =AVERAGE('R1'!A8,'R2'!A8,'R3'!A8) -> 18.382393 | B8: =AVERAGE('R1'!B8,'R2'!B8,'R3'!B8) -> -153.29992 | C8: =AVERAGE('R1'!C8,'R2'!C8,'R3'!C8) -> -119.27319 | D8: =AVERAGE('R1'!D8,'R2'!D8,'R3'!D8) -> 141.62482 | E8: =AVERAGE('R1'!E8,'R2'!E8,'R3'!E8) -> -44.229139 | F8: 1.18
A9: =AVERAGE('R1'!A9,'R2'!A9,'R3'!A9) -> 9.7780204 | B9: =AVERAGE('R1'!B9,'R2'!B9,'R3'!B9) -> -148.48668 | C9: =AVERAGE('R1'!C9,'R2'!C9,'R3'!C9) -> -98.249316 | D9: =AVERAGE('R1'!D9,'R2'!D9,'R3'!D9) -> 145.20269 | E9: =AVERAGE('R1'!E9,'R2'!E9,'R3'!E9) -> -38.832441 | F9: 1.18
A10: =AVERAGE('R1'!A10,'R2'!A10,'R3'!A10) -> -0.33012383 | B10: =AVERAGE('R1'!B10,'R2'!B10,'R3'!B10) -> -144.96882 | C10: =AVERAGE('R1'!C10,'R2'!C10,'R3'!C10) -> -76.999323 | D10: =AVERAGE('R1'!D10,'R2'!D10,'R3'!D10) -> 148.29865 | E10: =AVERAGE('R1'!E10,'R2'!E10,'R3'!E10) -> -33.629014 | F10: 1.1791667
A11: =AVERAGE('R1'!A11,'R2'!A11,'R3'!A11) -> -13.530829 | B11: =AVERAGE('R1'!B11,'R2'!B11,'R3'!B11) -> -143.76958 | C11: =AVERAGE('R1'!C11,'R2'!C11,'R3'!C11) -> -57.606759 | D11: =AVERAGE('R1'!D11,'R2'!D11,'R3'!D11) -> 149.81744 | E11: =AVERAGE('R1'!E11,'R2'!E11,'R3'!E11) -> -31.443574 | F11: 1.18
A12: =AVERAGE('R1'!A12,'R2'!A12,'R3'!A12) -> -26.852073 | B12: =AVERAGE('R1'!B12,'R2'!B12,'R3'!B12) -> -141.59158 | C12: =AVERAGE('R1'!C12,'R2'!C12,'R3'!C12) -> -37.875557 | D12: =AVERAGE('R1'!D12,'R2'!D12,'R3'!D12) -> 150.06569 | E12: =AVERAGE('R1'!E12,'R2'!E12,'R3'!E12) -> -27.414634 | F12: 1.18
A13: =AVERAGE('R1'!A13,'R2'!A13,'R3'!A13) -> -43.010517 | B13: =AVERAGE('R1'!B13,'R2'!B13,'R3'!B13) -> -142.13852 | C13: =AVERAGE('R1'!C13,'R2'!C13,'R3'!C13) -> -21.156092 | D13: =AVERAGE('R1'!D13,'R2'!D13,'R3'!D13) -> 150.25555 | E13: =AVERAGE('R1'!E13,'R2'!E13,'R3'!E13) -> -26.388814 | F13: 1.18
... A529: =AVERAGE('R1'!A529,'R2'!A529,'R3'!A529) -> -184.98999 | B529: =AVERAGE('R1'!B529,'R2'!B529,'R3'!B529) -> 99.201708 | C529: =AVERAGE('R1'!C529,'R2'!C529,'R3'!C529) -> 40.509529 | D529: =AVERAGE('R1'!D529,'R2'!D529,'R3'!D529) -> -175.49721 | E529: =AVERAGE('R1'!E529,'R2'!E529,'R3'!E529) -> -94.523994 | F529: 1.18
F530: 1.18

Sheet R1
A1: P1 (Top) | B1: P2 (Left) | C1: P3 (Bottom) | D1: P4 (Right) | E1: P5 (Center) | F1: Pstatic (P) | G1: Ptot_ref (P0) | H1: Alpha | I1: Beta0 | J1: Density | K1: Flow Velocity | L1: C Alpha | M1: C Beta | N1: C p0 | O1: Cp
A2: 34.386496 | B2: -205.49851 | C2: -216.82178 | D2: 92.368221 | E2: -103.07248 | F2: 2.6799962 | G2: 156.24384 | H2: -44 | I2: -44 | J2: 1.18 | K2: 16.133123 | L2: 2.3241946 | M2: -2.755913 | N2: -2.3992905 | O2: -1.9784949
A3: 36.32694 | B3: -192.25602 | C3: -205.3626 | D3: 103.27889 | E3: -88.66642 | F3: 2.6312695 | G3: 155.52365 | H3: -44 | I3: -40 | J3: 1.18 | K3: 16.097814 | L3: 2.1943817 | M3: -2.683257 | N3: -2.2171112 | O3: -1.8289213
A4: 34.792636 | B4: -182.61203 | C4: -193.75541 | D4: 113.22556 | E4: -78.765043 | F4: 2.6312695 | G4: 155.3636 | H4: -44 | I4: -36 | J4: 1.18 | K4: 16.089384 | L4: 2.0887821 | M4: -2.7037346 | N4: -2.1397871 | O4: -1.7439067
A5: 33.980358 | B5: -173.59179 | C5: -177.69552 | D5: 122.59481 | E5: -67.525633 | F5: 2.6799962 | G5: 155.88374 | H5: -44 | I5: -32 | J5: 1.18 | K5: 16.114197 | L5: 1.9578414 | M5: -2.7395152 | N5: -2.0663809 | O5: -1.649355
A6: 30.099468 | B6: -164.76346 | C6: -158.45723 | D6: 130.09547 | E6: -58.828475 | F6: 2.533816 | G6: 154.68341 | H6: -44 | I6: -28 | J6: 1.18 | K6: 16.058663 | L6: 1.8345731 | M6: -2.8689984 | N6: -2.077542 | O6: -1.5971275
A7: 25.316044 | B7: -159.00585 | C7: -140.10821 | D7: 136.88725 | E7: -51.380137 | F7: 2.728723 | G7: 154.92347 | H7: -44 | I7: -24 | J7: 1.18 | K7: 16.061045 | L7: 1.6849569 | M7: -3.0138947 | N7: -2.1013625 | O7: -1.5511429
A8: 17.870151 | B8: -155.16745 | C8: -121.04303 | D8: 142.23304 | E8: -45.760433 | F8: 2.5825427 | G8: 155.20355 | H8: -44 | I8: -20 | J8: 1.18 | K8: 16.083521 | L8: 1.5043056 | M8: -3.2205939 | N8: -2.1762892 | O8: -1.5235362
A9: 9.5668505 | B9: -148.88206 | C9: -97.531756 | D9: 145.95757 | E9: -38.847308 | F9: 2.6312695 | G9: 154.32331 | H9: -44 | I9: -16 | J9: 1.18 | K9: 16.034496 | L9: 1.2696217 | M9: -3.4956138 | N9: -2.2904136 | O9: -1.4919015
A10: -0.1348105 | B10: -145.6674 | C10: -76.815305 | D10: 149.28773 | E10: -33.004602 | F10: 2.8261755 | G10: 154.6434 | H10: -44 | I10: -12 | J10: 1.1775 | K10: 16.058205 | L10: 0.98010125 | M10: -3.770269 | N10: -2.3986773 | O10: -1.4580689
A11: -13.066184 | B11: -144.85174 | C11: -57.746959 | D11: 151.12809 | E11: -30.819162 | F11: 2.6799962 | G11: 154.32331 | H11: -44 | I11: -8 | J11: 1.18 | K11: 16.031922 | L11: 0.63393574 | M11: -4.1997176 | N11: -2.6271027 | O11: -1.475426
A12: -27.078538 | B12: -142.73067 | C12: -38.385131 | D12: 151.25954 | E12: -27.964711 | F12: 2.6799962 | G12: 153.9632 | H12: -44 | I12: -4 | J12: 1.18 | K12: 16.012874 | L12: 0.18060756 | M12: -4.6969731 | N12: -2.9066421 | O12: -1.4896398
A13: -44.42502 | B13: -143.93003 | C13: -20.885368 | D13: 151.61008 | E13: -27.429501 | F13: 2.5825427 | G13: 154.48336 | H13: -44 | I13: 0 | J13: 1.18 | K13: 16.045528 | L13: -0.35266025 | M13: -4.4278503 | N13: -2.7254752 | O13: -1.4496873
... A530: -199.90538 | B530: 90.669699 | C530: 39.918075 | D530: -189.16285 | E530: -112.66166 | F530: 2.4850895 | G530: 148.48167 | H530: 44 | I530: 44 | J530: 1.18 | K530: 15.730602 | L530: -2.9295184 | M530: 3.4182873 | N530: -3.1900603 | O530: -2.4066447

Sheet R2
A1: P1 (Top) | B1: P2 (Left) | C1: P3 (Bottom) | D1: P4 (Right) | E1: P5 (Center) | F1: Pstatic (P) | G1: Ptot_ref (P0) | H1: Alpha | I1: Beta | J1: Density | K1: Flow Velocity | L1: C Alpha | M1: C Beta | N1: C p0 | O1: Cp
A2: 34.661821 | B2: -203.28277 | C2: -214.83671 | D2: 92.125664 | E2: -101.24385 | F2: 3.0698082 | G2: 155.00349 | H2: -44 | I2: -44 | J2: 1.18 | K2: 16.047265 | L2: 2.3142656 | M2: -2.7401317 | N2: -2.3769786 | O2: -1.9676608
A3: 34.528579 | B3: -193.92928 | C3: -207.21231 | D3: 102.81452 | E3: -91.074861 | F3: 3.069808 | G3: 155.0435 | H3: -44 | I3: -40 | J3: 1.18 | K3: 16.049374 | L3: 2.2078158 | M3: -2.7101761 | N3: -2.2478734 | O3: -1.8598346
A4: 34.706969 | B4: -180.88234 | C4: -191.73793 | D4: 112.49583 | E4: -77.382414 | F4: 3.0210815 | G4: 154.32331 | H4: -44 | I4: -36 | J4: 1.18 | K4: 16.013882 | L4: 2.0788597 | M4: -2.693363 | N4: -2.1271813 | O4: -1.7381469
A5: 33.989259 | B5: -172.39224 | C5: -177.88768 | D5: 121.56384 | E5: -67.481032 | F5: 2.9723548 | G5: 154.60339 | H5: -44 | I5: -32 | J5: 1.18 | K5: 16.031274 | L5: 1.9681196 | M5: -2.7306622 | N5: -2.0631076 | O5: -1.6545312
A6: 30.509614 | B6: -164.18993 | C6: -158.48832 | D6: 129.36145 | E6: -58.025658 | F6: 3.1185347 | G6: 154.16326 | H6: -44 | I6: -28 | J6: 1.18 | K6: 16.000248 | L6: 1.8293818 | M6: -2.841404 | N6: -2.0538803 | O6: -1.591849
A7: 25.909475 | B7: -158.09816 | C7: -140.84842 | D7: 135.53821 | E7: -51.023332 | F7: 3.0210815 | G7: 153.88318 | H7: -44 | I7: -24 | J7: 1.18 | K7: 15.990573 | L7: 1.6938434 | M7: -2.9826241 | N7: -2.0813431 | O7: -1.5489538
A8: 18.729979 | B8: -152.67794 | C8: -118.06545 | D8: 142.32826 | E8: -42.905983 | F8: 2.8261755 | G8: 154.2833 | H8: -44 | I8: -20 | J8: 1.18 | K8: 16.022077 | L8: 1.4794738 | M8: -3.1906465 | N8: -2.1327928 | O8: -1.4947128
A9: 9.2978268 | B9: -149.1284 | C9: -98.891661 | D9: 145.35093 | E9: -39.337919 | F9: 3.0210815 | G9: 153.52309 | H9: -44 | I9: -16 | J9: 1.18 | K9: 15.971479 | L9: 1.2777328 | M9: -3.4779809 | N9: -2.2778312 | O9: -1.5003187
A10: -0.72082175 | B10: -145.91463 | C10: -78.770456 | D10: 148.50501 | E10: -34.967038 | F10: 2.9723548 | G10: 153.5631 | H10: -44 | I10: -12 | J10: 1.18 | K10: 15.976185 | L10: 1.0086797 | M10: -3.8052094 | N10: -2.4366465 | O10: -1.4903421
A11: -13.874394 | B11: -145.14717 | C11: -59.461321 | D11: 150.82678 | E11: -32.781598 | F11: 2.923628 | G11: 154.20327 | H11: -44 | I11: -8 | J11: 1.18 | K11: 16.012687 | L11: 0.65567731 | M11: -4.2574036 | N11: -2.6897068 | O11: -1.5136351
A12: -26.806401 | B12: -141.40577 | C12: -37.219716 | D12: 150.52013 | E12: -26.760489 | F12: 3.118535 | G12: 153.08296 | H12: -44 | I12: -4 | J12: 1.18 | K12: 15.942929 | L12: 0.16647354 | M12: -4.6671495 | N12: -2.875305 | O12: -1.4777707
A13: -42.524408 | B13: -142.0773 | C13: -21.700222 | D13: 150.56394 | E13: -26.225278 | F13: 3.118535 | G13: 153.08296 | H13: -44 | I13: 0 | J13: 1.18 | K13: 15.942906 | L13: -0.31522149 | M13: -4.429361 | N13: -2.714102 | O13: -1.4443285
... A530: -191.21684 | B530: 89.454624 | C530: 38.613625 | D530: -181.77641 | E530: -108.55838 | F530: 2.6312695 | G530: 145.03441 | H530: 44 | I530: 44 | J530: 1.18 | K530: 15.535803 | L530: -2.9489433 | M530: 3.4801451 | N530: -3.2538659 | O530: -2.4267065

Sheet R3
A1: P1 (Top) | B1: P2 (Left) | C1: P3 (Bottom) | D1: P4 (Right) | E1: P5 (Center) | F1: Pstatic (P) | G1: Ptot_ref (P0) | H1: Alpha | I1: Beta | J1: Density | K1: Flow Velocity | L1: C Alpha | M1: C Beta | N1: C p0 | O1: Cp
A2: 33.574218 | B2: -202.33747 | C2: -213.5176 | D2: 91.775204 | E2: -102.93868 | F2: 2.9723548 | G2: 154.99953 | H2: -44 | I2: -44 | J2: 1.18 | K2: 16.0522 | L2: 2.3536894 | M2: -2.801677 | N2: -2.4571725 | O2: -2.0089499
A3: 34.702382 | B3: -190.95534 | C3: -203.50473 | D3: 102.0698 | E3: -89.290831 | F3: 2.8749017 | G3: 153.79891 | H3: -44 | I3: -40 | J3: 1.18 | K3: 15.993854 | L3: 2.2069288 | M3: -2.714807 | N3: -2.2522092 | O3: -1.8539339
A4: 34.567005 | B4: -180.40266 | C4: -191.68774 | D4: 112.14537 | E4: -77.917623 | F4: 2.9236285 | G4: 153.87895 | H4: -44 | I4: -36 | J4: 1.18 | K4: 15.995511 | L4: 2.0924848 | M4: -2.7056463 | N4: -2.143779 | O4: -1.7476597
A5: 33.077823 | B5: -172.39224 | C5: -177.5254 | D5: 120.6877 | E5: -68.194643 | F5: 2.7774493 | G5: 153.91897 | H5: -44 | I5: -32 | J5: 1.18 | K5: 16.00537 | L5: 1.9727486 | M5: -2.7454601 | N5: -2.0808322 | O5: -1.6649215
A6: 30.686114 | B6: -163.2306 | C6: -157.68008 | D6: 128.22247 | E6: -57.624249 | F6: 2.8261755 | G6: 153.19859 | H6: -44 | I6: -28 | J6: 1.18 | K6: 15.964601 | L6: 1.8318083 | M6: -2.8343946 | N6: -2.0502801 | O6: -1.5878988
A7: 26.03807 | B7: -156.89899 | C7: -137.65435 | D7: 135.84485 | E7: -49.3285 | F7: 2.6312695 | G7: 153.43873 | H7: -44 | I7: -24 | J7: 1.18 | K7: 15.987677 | L7: 1.6712278 | M7: -2.9889764 | N7: -2.0703336 | O7: -1.5305727
A8: 18.54705 | B8: -152.05437 | C8: -118.71109 | D8: 140.31314 | E8: -44.021002 | F8: 2.6799957 | G8: 153.15858 | H8: -44 | I8: -20 | J8: 1.18 | K8: 15.970235 | L8: 1.5023762 | M8: -3.200141 | N8: -2.1582577 | O8: -1.5111874
A9: 10.469384 | B9: -147.44957 | C9: -98.324532 | D9: 144.29956 | E9: -38.312097 | F9: 2.728723 | G9: 152.51825 | H9: -44 | I9: -16 | J9: 1.18 | K9: 15.933629 | L9: 1.2864204 | M9: -3.4497475 | N9: -2.2564951 | O9: -1.4853357
A10: -0.13473925 | B10: -143.32444 | C10: -75.412209 | D10: 147.1032 | E10: -32.915402 | F10: 2.6312695 | G10: 152.19809 | H10: -44 | I10: -12 | J10: 1.18 | K10: 15.921778 | L10: 0.98464698 | M10: -3.7991893 | N10: -2.4216723 | O10: -1.4650984
A11: -13.65191 | B11: -141.30983 | C11: -55.611998 | D11: 147.49746 | E11: -30.729962 | F11: 2.6799957 | G11: 151.07752 | H11: -44 | I11: -8 | J11: 1.18 | K11: 15.859419 | L11: 0.61953153 | M11: -4.2641174 | N11: -2.6843463 | O11: -1.4933107
A12: -26.671282 | B12: -140.6383 | C12: -38.021825 | D12: 148.4174 | E12: -27.518701 | F12: 2.7774493 | G12: 150.79738 | H12: -44 | I12: -4 | J12: 1.18 | K12: 15.83923 | L12: 0.18365243 | M12: -4.6771748 | N12: -2.8855197 | O12: -1.4904524
A13: -42.082123 | B13: -140.40823 | C13: -20.882687 | D13: 148.59262 | E13: -25.511664 | F13: 2.6799962 | G13: 151.31764 | H13: -44 | I13: 0 | J13: 1.18 | K13: 15.872241 | L13: -0.32244608 | M13: -4.396902 | N13: -2.6904087 | O13: -1.4289859
... A530: -190.08578 | B530: 87.470571 | C530: 38.929729 | D530: -182.12606 | E530: -107.44336 | F530: 2.533816 | G530: 143.68034 | H530: 44 | I530: 44 | J530: 1.18 | K530: 15.467106 | L530: -2.9113843 | M530: 3.4272913 | N530: -3.1924413 | O530: -2.3980871
