Workbook

Sheet Sheet1
A1: Alpha | B1: Beta | C1: Density | D1: Flow Velocity | E1: C Alpha | F1: C Beta | G1: C p0 | H1: Cp | I1: Re | K1: C Alpha | L1: C Beta | M1: C p0 | N1: Cp
A2: =-'R1'!H2 -> 44 | B2: =DEGREES(ATAN(-SIN(RADIANS(('R1'!I2)))/(COS(RADIANS(Sheet1!A2))*COS(RADIANS('R1'!I2))))) -> 53.317642 | C2: =AVERAGE('R1'!J2,'R2'!J2,'R3'!J2) -> 1.1633333 | D2: =AVERAGE('R1'!K2,'R2'!K2,'R3'!K2) -> 22.842843 | E2: =AVERAGE('R1'!L2,'R2'!L2,'R3'!L2) -> 2.2361957 | F2: =AVERAGE('R1'!M2,'R2'!M2,'R3'!M2) -> -2.619689 | G2: =AVERAGE('R1'!N2,'R2'!N2,'R3'!N2) -> -2.2087738 | H2: =AVERAGE('R1'!O2,'R2'!O2,'R3'!O2) -> -1.913318 | K2: =_xlfn.STDEV.S('R1'!L2,'R2'!L2,'R3'!L2) -> 0.004332875 | L2: =_xlfn.STDEV.S('R1'!M2,'R2'!M2,'R3'!M2) -> 0.010315354 | M2: =_xlfn.STDEV.S('R1'!N2,'R2'!N2,'R3'!N2) -> 0.011836662 | N2: =_xlfn.STDEV.S('R1'!O2,'R2'!O2,'R3'!O2) -> 0.0058877687 | P2: =MAX(K:K) -> 0.068308344 | Q2: =MAX(L:L) -> 0.039528151 | R2: =MAX(M:M) -> 0.062011181 | S2: =MAX(N:N) -> 0.025739963
A3: =-'R1'!H3 -> 44 | B3: =DEGREES(ATAN(-SIN(RADIANS(('R1'!I3)))/(COS(RADIANS(Sheet1!A3))*COS(RADIANS('R1'!I3))))) -> 49.394315 | C3: =AVERAGE('R1'!J3,'R2'!J3,'R3'!J3) -> 1.1633333 | D3: =AVERAGE('R1'!K3,'R2'!K3,'R3'!K3) -> 22.644174 | E3: =AVERAGE('R1'!L3,'R2'!L3,'R3'!L3) -> 2.1274448 | F3: =AVERAGE('R1'!M3,'R2'!M3,'R3'!M3) -> -2.5776559 | G3: =AVERAGE('R1'!N3,'R2'!N3,'R3'!N3) -> -2.0730857 | H3: =AVERAGE('R1'!O3,'R2'!O3,'R3'!O3) -> -1.7882108 | K3: =_xlfn.STDEV.S('R1'!L3,'R2'!L3,'R3'!L3) -> 0.011369441 | L3: =_xlfn.STDEV.S('R1'!M3,'R2'!M3,'R3'!M3) -> 0.015535823 | M3: =_xlfn.STDEV.S('R1'!N3,'R2'!N3,'R3'!N3) -> 0.020958913 | N3: =_xlfn.STDEV.S('R1'!O3,'R2'!O3,'R3'!O3) -> 0.0093631806 | P3: =MIN(K:K) -> 6.3843325e-05 | Q3: =MIN(L:L) -> 9.8548908e-05 | R3: =MIN(M:M) -> 0.00017676063 | S3: =MIN(N:N) -> 0.00020016539
A4: =-'R1'!H4 -> 44 | B4: =DEGREES(ATAN(-SIN(RADIANS(('R1'!I4)))/(COS(RADIANS(Sheet1!A4))*COS(RADIANS('R1'!I4))))) -> 45.285419 | C4: =AVERAGE('R1'!J4,'R2'!J4,'R3'!J4) -> 1.1633333 | D4: =AVERAGE('R1'!K4,'R2'!K4,'R3'!K4) -> 22.486519 | E4: =AVERAGE('R1'!L4,'R2'!L4,'R3'!L4) -> 2.0142045 | F4: =AVERAGE('R1'!M4,'R2'!M4,'R3'!M4) -> -2.5481813 | G4: =AVERAGE('R1'!N4,'R2'!N4,'R3'!N4) -> -1.9515473 | H4: =AVERAGE('R1'!O4,'R2'!O4,'R3'!O4) -> -1.6751551 | K4: =_xlfn.STDEV.S('R1'!L4,'R2'!L4,'R3'!L4) -> 0.0018557331 | L4: =_xlfn.STDEV.S('R1'!M4,'R2'!M4,'R3'!M4) -> 0.0049291664 | M4: =_xlfn.STDEV.S('R1'!N4,'R2'!N4,'R3'!N4) -> 0.0036453426 | N4: =_xlfn.STDEV.S('R1'!O4,'R2'!O4,'R3'!O4) -> 0.001775715 | P4: =AVERAGE(K:K) -> 0.0062949509 | Q4: =AVERAGE(L:L) -> 0.0060707352 | R4: =AVERAGE(M:M) -> 0.0072077093 | S4: =AVERAGE(N:N) -> 0.0044098583
A5: =-'R1'!H5 -> 44 | B5: =DEGREES(ATAN(-SIN(RADIANS(('R1'!I5)))/(COS(RADIANS(Sheet1!A5))*COS(RADIANS('R1'!I5))))) -> 40.979887 | C5: =AVERAGE('R1'!J5,'R2'!J5,'R3'!J5) -> 1.1633333 | D5: =AVERAGE('R1'!K5,'R2'!K5,'R3'!K5) -> 22.408864 | E5: =AVERAGE('R1'!L5,'R2'!L5,'R3'!L5) -> 1.9094136 | F5: =AVERAGE('R1'!M5,'R2'!M5,'R3'!M5) -> -2.575773 | G5: =AVERAGE('R1'!N5,'R2'!N5,'R3'!N5) -> -1.88667 | H5: =AVERAGE('R1'!O5,'R2'!O5,'R3'!O5) -> -1.5897049 | K5: =_xlfn.STDEV.S('R1'!L5,'R2'!L5,'R3'!L5) -> 0.0033468705 | L5: =_xlfn.STDEV.S('R1'!M5,'R2'!M5,'R3'!M5) -> 0.0059435875 | M5: =_xlfn.STDEV.S('R1'!N5,'R2'!N5,'R3'!N5) -> 0.0054954908 | N5: =_xlfn.STDEV.S('R1'!O5,'R2'!O5,'R3'!O5) -> 0.0064035188
A6: =-'R1'!H6 -> 44 | B6: =DEGREES(ATAN(-SIN(RADIANS(('R1'!I6)))/(COS(RADIANS(Sheet1!A6))*COS(RADIANS('R1'!I6))))) -> 36.470444 | C6: =AVERAGE('R1'!J6,'R2'!J6,'R3'!J6) -> 1.1633333 | D6: =AVERAGE('R1'!K6,'R2'!K6,'R3'!K6) -> 22.291563 | E6: =AVERAGE('R1'!L6,'R2'!L6,'R3'!L6) -> 1.7927946 | F6: =AVERAGE('R1'!M6,'R2'!M6,'R3'!M6) -> -2.6489192 | G6: =AVERAGE('R1'!N6,'R2'!N6,'R3'!N6) -> -1.8619598 | H6: =AVERAGE('R1'!O6,'R2'!O6,'R3'!O6) -> -1.5222437 | K6: =_xlfn.STDEV.S('R1'!L6,'R2'!L6,'R3'!L6) -> 0.0022687881 | L6: =_xlfn.STDEV.S('R1'!M6,'R2'!M6,'R3'!M6) -> 0.010510206 | M6: =_xlfn.STDEV.S('R1'!N6,'R2'!N6,'R3'!N6) -> 0.0075199186 | N6: =_xlfn.STDEV.S('R1'!O6,'R2'!O6,'R3'!O6) -> 0.0011935456 | P6: =AVERAGE(P2:P4) -> 0.024889046 | Q6: =AVERAGE(Q2:Q4) -> 0.015232478 | R6: =AVERAGE(R2:R4) -> 0.023131883 | S6: =AVERAGE(S2:S4) -> 0.010116662
A7: =-'R1'!H7 -> 44 | B7: =DEGREES(ATAN(-SIN(RADIANS(('R1'!I7)))/(COS(RADIANS(Sheet1!A7))*COS(RADIANS('R1'!I7))))) -> 31.755051 | C7: =AVERAGE('R1'!J7,'R2'!J7,'R3'!J7) -> 1.1633333 | D7: =AVERAGE('R1'!K7,'R2'!K7,'R3'!K7) -> 22.156057 | E7: =AVERAGE('R1'!L7,'R2'!L7,'R3'!L7) -> 1.6578787 | F7: =AVERAGE('R1'!M7,'R2'!M7,'R3'!M7) -> -2.7764836 | G7: =AVERAGE('R1'!N7,'R2'!N7,'R3'!N7) -> -1.8773569 | H7: =AVERAGE('R1'!O7,'R2'!O7,'R3'!O7) -> -1.4752655 | K7: =_xlfn.STDEV.S('R1'!L7,'R2'!L7,'R3'!L7) -> 0.0059690859 | L7: =_xlfn.STDEV.S('R1'!M7,'R2'!M7,'R3'!M7) -> 0.016447755 | M7: =_xlfn.STDEV.S('R1'!N7,'R2'!N7,'R3'!N7) -> 0.017298355 | N7: =_xlfn.STDEV.S('R1'!O7,'R2'!O7,'R3'!O7) -> 0.007500298
A8: =-'R1'!H8 -> 44 | B8: =DEGREES(ATAN(-SIN(RADIANS(('R1'!I8)))/(COS(RADIANS(Sheet1!A8))*COS(RADIANS('R1'!I8))))) -> 26.838414 | C8: =AVERAGE('R1'!J8,'R2'!J8,'R3'!J8) -> 1.1633333 | D8: =AVERAGE('R1'!K8,'R2'!K8,'R3'!K8) -> 22.063324 | E8: =AVERAGE('R1'!L8,'R2'!L8,'R3'!L8) -> 1.4954592 | F8: =AVERAGE('R1'!M8,'R2'!M8,'R3'!M8) -> -2.9804349 | G8: =AVERAGE('R1'!N8,'R2'!N8,'R3'!N8) -> -1.9529958 | H8: =AVERAGE('R1'!O8,'R2'!O8,'R3'!O8) -> -1.444422 | K8: =_xlfn.STDEV.S('R1'!L8,'R2'!L8,'R3'!L8) -> 0.003554878 | L8: =_xlfn.STDEV.S('R1'!M8,'R2'!M8,'R3'!M8) -> 0.01544469 | M8: =_xlfn.STDEV.S('R1'!N8,'R2'!N8,'R3'!N8) -> 0.015021474 | N8: =_xlfn.STDEV.S('R1'!O8,'R2'!O8,'R3'!O8) -> 0.0084107217
A9: =-'R1'!H9 -> 44 | B9: =DEGREES(ATAN(-SIN(RADIANS(('R1'!I9)))/(COS(RADIANS(Sheet1!A9))*COS(RADIANS('R1'!I9))))) -> 21.733363 | C9: =AVERAGE('R1'!J9,'R2'!J9,'R3'!J9) -> 1.1633333 | D9: =AVERAGE('R1'!K9,'R2'!K9,'R3'!K9) -> 22.08854 | E9: =AVERAGE('R1'!L9,'R2'!L9,'R3'!L9) -> 1.2933126 | F9: =AVERAGE('R1'!M9,'R2'!M9,'R3'!M9) -> -3.2061865 | G9: =AVERAGE('R1'!N9,'R2'!N9,'R3'!N9) -> -2.0442103 | H9: =AVERAGE('R1'!O9,'R2'!O9,'R3'!O9) -> -1.4193059 | K9: =_xlfn.STDEV.S('R1'!L9,'R2'!L9,'R3'!L9) -> 0.0042363853 | L9: =_xlfn.STDEV.S('R1'!M9,'R2'!M9,'R3'!M9) -> 0.028590043 | M9: =_xlfn.STDEV.S('R1'!N9,'R2'!N9,'R3'!N9) -> 0.02066661 | N9: =_xlfn.STDEV.S('R1'!O9,'R2'!O9,'R3'!O9) -> 0.0065548583
A10: =-'R1'!H10 -> 44 | B10: =DEGREES(ATAN(-SIN(RADIANS(('R1'!I10)))/(COS(RADIANS(Sheet1!A10))*COS(RADIANS('R1'!I10))))) -> 16.461798 | C10: =AVERAGE('R1'!J10,'R2'!J10,'R3'!J10) -> 1.1633333 | D10: =AVERAGE('R1'!K10,'R2'!K10,'R3'!K10) -> 22.478017 | E10: =AVERAGE('R1'!L10,'R2'!L10,'R3'!L10) -> 1.0342448 | F10: =AVERAGE('R1'!M10,'R2'!M10,'R3'!M10) -> -3.5185164 | G10: =AVERAGE('R1'!N10,'R2'!N10,'R3'!N10) -> -2.1925947 | H10: =AVERAGE('R1'!O10,'R2'!O10,'R3'!O10) -> -1.4109359 | K10: =_xlfn.STDEV.S('R1'!L10,'R2'!L10,'R3'!L10) -> 0.010141573 | L10: =_xlfn.STDEV.S('R1'!M10,'R2'!M10,'R3'!M10) -> 0.013642179 | M10: =_xlfn.STDEV.S('R1'!N10,'R2'!N10,'R3'!N10) -> 0.009631616 | N10: =_xlfn.STDEV.S('R1'!O10,'R2'!O10,'R3'!O10) -> 0.0053581825
A11: =-'R1'!H11 -> 44 | B11: =DEGREES(ATAN(-SIN(RADIANS(('R1'!I11)))/(COS(RADIANS(Sheet1!A11))*COS(RADIANS('R1'!I11))))) -> 11.054893 | C11: =AVERAGE('R1'!J11,'R2'!J11,'R3'!J11) -> 1.1633333 | D11: =AVERAGE('R1'!K11,'R2'!K11,'R3'!K11) -> 22.712581 | E11: =AVERAGE('R1'!L11,'R2'!L11,'R3'!L11) -> 0.69285589 | F11: =AVERAGE('R1'!M11,'R2'!M11,'R3'!M11) -> -3.8831279 | G11: =AVERAGE('R1'!N11,'R2'!N11,'R3'!N11) -> -2.3738787 | H11: =AVERAGE('R1'!O11,'R2'!O11,'R3'!O11) -> -1.4037305 | K11: =_xlfn.STDEV.S('R1'!L11,'R2'!L11,'R3'!L11) -> 0.01144083 | L11: =_xlfn.STDEV.S('R1'!M11,'R2'!M11,'R3'!M11) -> 0.013849577 | M11: =_xlfn.STDEV.S('R1'!N11,'R2'!N11,'R3'!N11) -> 0.0099377581 | N11: =_xlfn.STDEV.S('R1'!O11,'R2'!O11,'R3'!O11) -> 0.00044685184
A12: =-'R1'!H12 -> 44 | B12: =DEGREES(ATAN(-SIN(RADIANS(('R1'!I12)))/(COS(RADIANS(Sheet1!A12))*COS(RADIANS('R1'!I12))))) -> 5.5522607 | C12: =AVERAGE('R1'!J12,'R2'!J12,'R3'!J12) -> 1.1633333 | D12: =AVERAGE('R1'!K12,'R2'!K12,'R3'!K12) -> 22.418673 | E12: =AVERAGE('R1'!L12,'R2'!L12,'R3'!L12) -> 0.25805594 | F12: =AVERAGE('R1'!M12,'R2'!M12,'R3'!M12) -> -4.3449812 | G12: =AVERAGE('R1'!N12,'R2'!N12,'R3'!N12) -> -2.621337 | H12: =AVERAGE('R1'!O12,'R2'!O12,'R3'!O12) -> -1.4136666 | K12: =_xlfn.STDEV.S('R1'!L12,'R2'!L12,'R3'!L12) -> 0.0069417284 | L12: =_xlfn.STDEV.S('R1'!M12,'R2'!M12,'R3'!M12) -> 0.039528151 | M12: =_xlfn.STDEV.S('R1'!N12,'R2'!N12,'R3'!N12) -> 0.030293764 | N12: =_xlfn.STDEV.S('R1'!O12,'R2'!O12,'R3'!O12) -> 0.012055504
A13: =-'R1'!H13 -> 44 | B13: =DEGREES(ATAN(-SIN(RADIANS(('R1'!I13)))/(COS(RADIANS(Sheet1!A13))*COS(RADIANS('R1'!I13))))) -> 0 | C13: =AVERAGE('R1'!J13,'R2'!J13,'R3'!J13) -> 1.1633333 | D13: =AVERAGE('R1'!K13,'R2'!K13,'R3'!K13) -> 22.394804 | E13: =AVERAGE('R1'!L13,'R2'!L13,'R3'!L13) -> -0.24855555 | F13: =AVERAGE('R1'!M13,'R2'!M13,'R3'!M13) -> -4.2745048 | G13: =AVERAGE('R1'!N13,'R2'!N13,'R3'!N13) -> -2.5483548 | H13: =AVERAGE('R1'!O13,'R2'!O13,'R3'!O13) -> -1.380902 | K13: =_xlfn.STDEV.S('R1'!L13,'R2'!L13,'R3'!L13) -> 0.0045530812 | L13: =_xlfn.STDEV.S('R1'!M13,'R2'!M13,'R3'!M13) -> 0.036913256 | M13: =_xlfn.STDEV.S('R1'!N13,'R2'!N13,'R3'!N13) -> 0.031255166 | N13: =_xlfn.STDEV.S('R1'!O13,'R2'!O13,'R3'!O13) -> 0.009612336
A14: =-'R1'!H14 -> 44 | B14: =DEGREES(ATAN(-SIN(RADIANS(('R1'!I14)))/(COS(RADIANS(Sheet1!A14))*COS(RADIANS('R1'!I14))))) -> -5.5522607 | C14: =AVERAGE('R1'!J14,'R2'!J14,'R3'!J14) -> 1.1633333 | D14: =AVERAGE('R1'!K14,'R2'!K14,'R3'!K14) -> 22.754703 | E14: =AVERAGE('R1'!L14,'R2'!L14,'R3'!L14) -> -0.64969847 | F14: =AVERAGE('R1'!M14,'R2'!M14,'R3'!M14) -> -3.7266738 | G14: =AVERAGE('R1'!N14,'R2'!N14,'R3'!N14) -> -2.2051816 | H14: =AVERAGE('R1'!O14,'R2'!O14,'R3'!O14) -> -1.3290669 | K14: =_xlfn.STDEV.S('R1'!L14,'R2'!L14,'R3'!L14) -> 0.014919308 | L14: =_xlfn.STDEV.S('R1'!M14,'R2'!M14,'R3'!M14) -> 0.028679674 | M14: =_xlfn.STDEV.S('R1'!N14,'R2'!N14,'R3'!N14) -> 0.019371906 | N14: =_xlfn.STDEV.S('R1'!O14,'R2'!O14,'R3'!O14) -> 0.0039126923
A15: =-'R1'!H15 -> 44 | B15: =DEGREES(ATAN(-SIN(RADIANS(('R1'!I15)))/(COS(RADIANS(Sheet1!A15))*COS(RADIANS('R1'!I15))))) -> -11.054893 | C15: =AVERAGE('R1'!J15,'R2'!J15,'R3'!J15) -> 1.1633333 | D15: =AVERAGE('R1'!K15,'R2'!K15,'R3'!K15) -> 22.848007 | E15: =AVERAGE('R1'!L15,'R2'!L15,'R3'!L15) -> -0.94661862 | F15: =AVERAGE('R1'!M15,'R2'!M15,'R3'!M15) -> -3.3218406 | G15: =AVERAGE('R1'!N15,'R2'!N15,'R3'!N15) -> -1.9637414 | H15: =AVERAGE('R1'!O15,'R2'!O15,'R3'!O15) -> -1.2957792 | K15: =_xlfn.STDEV.S('R1'!L15,'R2'!L15,'R3'!L15) -> 0.00556371 | L15: =_xlfn.STDEV.S('R1'!M15,'R2'!M15,'R3'!M15) -> 0.016523647 | M15: =_xlfn.STDEV.S('R1'!N15,'R2'!N15,'R3'!N15) -> 0.013256159 | N15: =_xlfn.STDEV.S('R1'!O15,'R2'!O15,'R3'!O15) -> 0.0038481496
A16: =-'R1'!H16 -> 44 | B16: =DEGREES(ATAN(-SIN(RADIANS(('R1'!I16)))/(COS(RADIANS(Sheet1!A16))*COS(RADIANS('R1'!I16))))) -> -16.461798 | C16: =AVERAGE('R1'!J16,'R2'!J16,'R3'!J16) -> 1.1633333 | D16: =AVERAGE('R1'!K16,'R2'!K16,'R3'!K16) -> 23.06017 | E16: =AVERAGE('R1'!L16,'R2'!L16,'R3'!L16) -> -1.1803548 | F16: =AVERAGE('R1'!M16,'R2'!M16,'R3'!M16) -> -3.014905 | G16: =AVERAGE('R1'!N16,'R2'!N16,'R3'!N16) -> -1.7932406 | H16: =AVERAGE('R1'!O16,'R2'!O16,'R3'!O16) -> -1.289579 | K16: =_xlfn.STDEV.S('R1'!L16,'R2'!L16,'R3'!L16) -> 0.0069334644 | L16: =_xlfn.STDEV.S('R1'!M16,'R2'!M16,'R3'!M16) -> 0.010397577 | M16: =_xlfn.STDEV.S('R1'!N16,'R2'!N16,'R3'!N16) -> 0.0088115181 | N16: =_xlfn.STDEV.S('R1'!O16,'R2'!O16,'R3'!O16) -> 0.005736018
A17: =-'R1'!H17 -> 44 | B17: =DEGREES(ATAN(-SIN(RADIANS(('R1'!I17)))/(COS(RADIANS(Sheet1!A17))*COS(RADIANS('R1'!I17))))) -> -21.733363 | C17: =AVERAGE('R1'!J17,'R2'!J17,'R3'!J17) -> 1.1633333 | D17: =AVERAGE('R1'!K17,'R2'!K17,'R3'!K17) -> 23.315338 | E17: =AVERAGE('R1'!L17,'R2'!L17,'R3'!L17) -> -1.3766169 | F17: =AVERAGE('R1'!M17,'R2'!M17,'R3'!M17) -> -2.7942958 | G17: =AVERAGE('R1'!N17,'R2'!N17,'R3'!N17) -> -1.6995239 | H17: =AVERAGE('R1'!O17,'R2'!O17,'R3'!O17) -> -1.2999868 | K17: =_xlfn.STDEV.S('R1'!L17,'R2'!L17,'R3'!L17) -> 0.0067046733 | L17: =_xlfn.STDEV.S('R1'!M17,'R2'!M17,'R3'!M17) -> 0.0099561729 | M17: =_xlfn.STDEV.S('R1'!N17,'R2'!N17,'R3'!N17) -> 0.0050923748 | N17: =_xlfn.STDEV.S('R1'!O17,'R2'!O17,'R3'!O17) -> 0.0020207515
A18: =-'R1'!H18 -> 44 | B18: =DEGREES(ATAN(-SIN(RADIANS(('R1'!I18)))/(COS(RADIANS(Sheet1!A18))*COS(RADIANS('R1'!I18))))) -> -26.838414 | C18: =AVERAGE('R1'!J18,'R2'!J18,'R3'!J18) -> 1.1633333 | D18: =AVERAGE('R1'!K18,'R2'!K18,'R3'!K18) -> 23.099442 | E18: =AVERAGE('R1'!L18,'R2'!L18,'R3'!L18) -> -1.5509431 | F18: =AVERAGE('R1'!M18,'R2'!M18,'R3'!M18) -> -2.6400578 | G18: =AVERAGE('R1'!N18,'R2'!N18,'R3'!N18) -> -1.6604798 | H18: =AVERAGE('R1'!O18,'R2'!O18,'R3'!O18) -> -1.3299096 | K18: =_xlfn.STDEV.S('R1'!L18,'R2'!L18,'R3'!L18) -> 0.0045256646 | L18: =_xlfn.STDEV.S('R1'!M18,'R2'!M18,'R3'!M18) -> 0.001446302 | M18: =_xlfn.STDEV.S('R1'!N18,'R2'!N18,'R3'!N18) -> 0.0013947188 | N18: =_xlfn.STDEV.S('R1'!O18,'R2'!O18,'R3'!O18) -> 0.0032810795
... A530: =-'R1'!H530 -> -44 | B530: =DEGREES(ATAN(-SIN(RADIANS(('R1'!I530)))/(COS(RADIANS(Sheet1!A530))*COS(RADIANS('R1'!I530))))) -> -53.317642 | C530: =AVERAGE('R1'!J530,'R2'!J530,'R3'!J530) -> 1.17 | D530: =AVERAGE('R1'!K530,'R2'!K530,'R3'!K530) -> 22.076468 | E530: =AVERAGE('R1'!L530,'R2'!L530,'R3'!L530) -> -2.8458011 | F530: =AVERAGE('R1'!M530,'R2'!M530,'R3'!M530) -> 3.4086768 | G530: =AVERAGE('R1'!N530,'R2'!N530,'R3'!N530) -> -3.0867134 | H530: =AVERAGE('R1'!O530,'R2'!O530,'R3'!O530) -> -2.4101963 | K530: =_xlfn.STDEV.S('R1'!L530,'R2'!L530,'R3'!L530) -> 0.013416474 | L530: =_xlfn.STDEV.S('R1'!M530,'R2'!M530,'R3'!M530) -> 0.0097138835 | M530: =_xlfn.STDEV.S('R1'!N530,'R2'!N530,'R3'!N530) -> 0.017470311 | N530: =_xlfn.STDEV.S('R1'!O530,'R2'!O530,'R3'!O530) -> 0.0082912022

Sheet R1
A1: P1 (Top) | B1: P2 (Left) | C1: P3 (Bottom) | D1: P4 (Right) | E1: P5 (Center) | F1: Pstatic (P) | G1: Ptot_ref (P0) | H1: Alpha | I1: Beta | J1: Density | K1: Flow Velocity | L1: C Alpha | M1: C Beta | N1: C p0 | O1: Cp
A2: 73.349987 | B2: -436.04255 | C2: -453.35982 | D2: 182.32648 | E2: -209.59283 | F2: 6.5780937 | G2: 312.44027 | H2: -44 | I2: -44 | J2: 1.15 | K2: 23.063677 | L2: 2.2402984 | M2: -2.6302219 | N2: -2.2204684 | O2: -1.9194927
A3: 74.659002 | B3: -398.81007 | C3: -419.27746 | D3: 200.59855 | E3: -176.79763 | F3: 6.5780942 | G3: 305.59674 | H3: -44 | I3: -40 | J3: 1.15 | K3: 22.804219 | L3: 2.1268937 | M3: -2.5810592 | N3: -2.0772669 | O3: -1.7896638
A4: 74.884691 | B4: -369.87813 | C4: -389.7801 | D4: 217.90665 | E4: -149.34287 | F4: 6.3831875 | G4: 301.1945 | H4: -44 | I4: -36 | J4: 1.15 | K4: 22.643217 | L4: 2.0160756 | M4: -2.5503008 | N4: -1.9548521 | O4: -1.6757106
A5: 73.395126 | B5: -348.38306 | C5: -359.47088 | D5: 234.55746 | E5: -127.02312 | F5: 6.0908285 | G5: 299.91385 | H5: -44 | I5: -32 | J5: 1.15 | K5: 22.605233 | L5: 1.9078092 | M5: -2.5692401 | N5: -1.8817512 | O5: -1.5867429
A6: 68.204205 | B6: -328.92825 | C6: -323.97483 | D6: 250.5072 | E6: -107.88937 | F6: 6.0916865 | G6: 299.03339 | H6: -44 | I6: -28 | J6: 1.15 | K6: 22.571305 | L6: 1.7943921 | M6: -2.651191 | N6: -1.8619062 | O6: -1.5215397
A7: 57.14528 | B7: -311.37345 | C7: -282.84089 | D7: 258.48206 | E7: -92.814293 | F7: 5.8975965 | G7: 293.71065 | H7: -44 | I7: -24 | J7: 1.15 | K7: 22.37285 | L7: 1.6642185 | M7: -2.789496 | N7: -1.8920992 | O7: -1.4832306
A8: 43.558605 | B8: -296.09154 | C8: -239.13609 | D8: 268.99837 | E8: -79.077242 | F8: 6.042102 | G8: 292.14987 | H8: -44 | I8: -20 | J8: 1.15 | K8: 22.306472 | L8: 1.4994385 | M8: -2.997408 | N8: -1.9691535 | O8: -1.4515305
A9: 27.128208 | B9: -284.7979 | C9: -197.59623 | D9: 274.82614 | E9: -67.168827 | F9: 5.8971538 | G9: 290.1088 | H9: -44 | I9: -16 | J9: 1.15 | K9: 22.232423 | L9: 1.2912852 | M9: -3.2157667 | N9: -2.0530315 | O9: -1.41986
A10: 7.267288 | B10: -275.57816 | C10: -155.47002 | D10: 277.19232 | E10: -58.204063 | F10: 5.4585323 | G10: 285.86665 | H10: -44 | I10: -12 | J10: 1.15 | K10: 22.083167 | L10: 1.0344854 | M10: -3.5138196 | N10: -2.1872214 | O10: -1.4047494
A11: -16.850871 | B11: -269.3996 | C11: -114.33609 | D11: 279.29559 | E11: -51.112535 | F11: 5.7509605 | G11: 284.61903 | H11: -44 | I11: -8 | J11: 1.15 | K11: 22.022441 | L11: 0.69257381 | M11: -3.8983329 | N11: -2.3853038 | O11: -1.4040313
A12: -44.695357 | B12: -264.87199 | C12: -76.359375 | D12: 277.45523 | E12: -46.786256 | F12: 5.5564145 | G12: 281.09679 | H12: -44 | I12: -4 | J12: 1.15 | K12: 21.89065 | L12: 0.25556129 | M12: -4.3800386 | N12: -2.648183 | O12: -1.4227981
A13: -76.144306 | B13: -272.16293 | C13: -43.073362 | D13: 285.12338 | E13: -42.905983 | F13: 5.800116 | G13: 288.60483 | H13: -44 | I13: 0 | J13: 1.15 | K13: 22.177252 | L13: -0.25190409 | M13: -4.2463206 | N13: -2.5260012 | O13: -1.3711568
... A530: -397.09582 | B530: 176.00019 | C530: 69.098057 | D530: -381.12293 | E530: -226.17072 | F530: 5.1163232 | G530: 280.0386 | H530: 44 | I530: 44 | J530: 1.17 | K530: 21.678389 | L530: -2.8612377 | M530: 3.4193514 | N530: -3.1068861 | O530: -2.4195348

Sheet R2
A1: P1 (Top) | B1: P2 (Left) | C1: P3 (Bottom) | D1: P4 (Right) | E1: P5 (Center) | F1: Pstatic (P) | G1: Ptot_ref (P0) | H1: Alpha | I1: Beta | J1: Density | K1: Flow Velocity | L1: C Alpha | M1: C Beta | N1: C p0 | O1: Cp
A2: 71.300081 | B2: -411.56335 | C2: -428.38826 | D2: 173.59562 | E2: -196.55579 | F2: 6.237033 | G2: 296.95233 | H2: -44 | I2: -44 | J2: 1.17 | K2: 22.292358 | L2: 2.2366243 | M2: -2.6192394 | N2: -2.2090529 | O2: -1.9077667
A3: 71.02932 | B3: -379.97041 | C3: -400.96564 | D3: 191.79114 | E3: -169.7953 | F3: 5.9934012 | G3: 291.70964 | H3: -44 | I3: -40 | J3: 1.17 | K3: 22.09986 | L3: 2.1390798 | M3: -2.591208 | N3: -2.0916388 | O3: -1.7967626
A4: 71.97698 | B4: -356.89865 | C4: -376.51983 | D4: 209.7565 | E4: -143.83763 | F4: 6.1883068 | G4: 290.22887 | H4: -44 | I4: -36 | J4: 1.17 | K4: 22.034958 | L4: 2.0123646 | M4: -2.5425469 | N4: -1.9476372 | O4: -1.673168
A5: 70.532925 | B5: -332.57627 | C5: -342.96319 | D5: 226.18822 | E5: -120.95741 | F5: 5.9446745 | G5: 287.86766 | H5: -44 | I5: -32 | J5: 1.17 | K5: 21.952664 | L5: 1.9071711 | M5: -2.5772182 | N5: -1.8856573 | O5: -1.5853185
A6: 63.628552 | B6: -311.77879 | C6: -306.15914 | D6: 237.27416 | E6: -102.40347 | F6: 5.749768 | G6: 283.74555 | H6: -44 | I6: -28 | J6: 1.17 | K6: 21.799229 | L6: 1.7901977 | M6: -2.6581077 | N6: -1.8695064 | O6: -1.5236218
A7: 55.686265 | B7: -298.05828 | C7: -270.07674 | D7: 248.8421 | E7: -87.462198 | F7: 5.749768 | G7: 282.42488 | H7: -44 | I7: -24 | J7: 1.17 | K7: 21.747388 | L7: 1.6570507 | M7: -2.7819582 | N7: -1.8816577 | O7: -1.4742277
A8: 43.231317 | B8: -281.86305 | C8: -227.77013 | D8: 256.86078 | E8: -73.234537 | F8: 5.749768 | G8: 278.86305 | H8: -44 | I8: -20 | J8: 1.17 | K8: 21.606948 | L8: 1.4925972 | M8: -2.9672076 | N8: -1.9394543 | O8: -1.4351369
A9: 27.346743 | B9: -282.84232 | C9: -196.42356 | D9: 273.68687 | E9: -67.25803 | F9: 6.0908537 | G9: 287.62755 | H9: -44 | I9: -16 | J9: 1.17 | K9: 21.937525 | L9: 1.2981817 | M9: -3.2287561 | N9: -2.0590025 | O9: -1.4255662
A10: 6.2274803 | B10: -314.32148 | C10: -176.44293 | D10: 315.99499 | E10: -66.990421 | F10: 6.8217525 | G10: 326.04725 | H10: -44 | I10: -12 | J10: 1.17 | K10: 23.35981 | L10: 1.023985 | M10: -3.5338865 | N10: -2.2037142 | O10: -1.4139564
A11: -24.014744 | B11: -333.60519 | C11: -142.61568 | D11: 341.51704 | E11: -64.09137 | F11: 6.1883073 | G11: 347.81841 | H11: -44 | I11: -8 | J11: 1.17 | K11: 24.165726 | L11: 0.6815587 | M11: -3.8798169 | N11: -2.3672393 | O11: -1.4039432
A12: -51.814174 | B12: -313.28811 | C12: -91.468875 | D12: 328.24022 | E12: -53.253369 | F12: 6.383213 | G12: 332.73067 | H12: -44 | I12: -4 | J12: 1.17 | K12: 23.619028 | L12: 0.26590025 | M12: -4.3021403 | N12: -2.5884928 | O12: -1.4000015
A13: -86.687363 | B13: -307.50406 | C13: -49.703503 | D13: 321.71135 | E13: -49.417702 | F13: 6.8704788 | G13: 324.92667 | H13: -44 | I13: 0 | J13: 1.17 | K13: 23.31707 | L13: -0.25039141 | M13: -4.2609053 | N13: -2.5349933 | O13: -1.3811733
... A530: -426.20654 | B530: 189.80509 | C530: 75.104591 | D530: -412.11102 | E530: -242.45001 | F530: 6.237033 | G530: 301.22204 | H530: 44 | I530: 44 | J530: 1.17 | K530: 22.455464 | L530: -2.8369496 | M530: 3.4063227 | N530: -3.0767244 | O530: -2.4073546

Sheet R3
A1: P1 (Top) | B1: P2 (Left) | C1: P3 (Bottom) | D1: P4 (Right) | E1: P5 (Center) | F1: Pstatic (P) | G1: Ptot_ref (P0) | H1: Alpha | I1: Beta | J1: Density | K1: Flow Velocity | L1: C Alpha | M1: C Beta | N1: C p0 | O1: Cp
A2: 76.013172 | B2: -452.24494 | C2: -469.91582 | D2: 186.13862 | E2: -216.44774 | F2: 6.82175 | G2: 320.94599 | H2: -44 | I2: -44 | J2: 1.17 | K2: 23.172493 | L2: 2.2316645 | M2: -2.6096059 | N2: -2.1968001 | O2: -1.9126947
A3: 77.908985 | B3: -416.41875 | C3: -438.20011 | D3: 208.0476 | E3: -183.44315 | F3: 6.3344865 | G3: 316.56563 | H3: -44 | I3: -40 | J3: 1.17 | K3: 23.028443 | L3: 2.116361 | M3: -2.5607006 | N3: -2.0503513 | O3: -1.7782061
A4: 76.419419 | B4: -382.66211 | C4: -403.0106 | D4: 224.69842 | E4: -154.80942 | F4: 6.2370317 | G4: 309.84698 | H4: -44 | I4: -36 | J4: 1.17 | K4: 22.781381 | L4: 2.0141733 | M4: -2.5516962 | N4: -1.9521528 | O4: -1.6765867
A5: 73.891665 | B5: -358.52798 | C5: -370.07677 | D5: 240.34143 | E5: -132.24142 | F5: 6.2857598 | G5: 306.89961 | H5: -44 | I5: -32 | J5: 1.17 | K5: 22.668695 | L5: 1.9132607 | M5: -2.5808607 | N5: -1.8926014 | O5: -1.5970531
A6: 68.971573 | B6: -333.79863 | C6: -329.74413 | D6: 252.43517 | E6: -109.495 | F6: 6.4319397 | G6: 302.69767 | H6: -44 | I6: -28 | J6: 1.17 | K6: 22.504156 | L6: 1.793794 | M6: -2.6374588 | N6: -1.8544668 | O6: -1.5215697
A7: 59.221666 | B7: -316.50236 | C7: -288.10316 | D7: 263.21439 | E7: -92.100687 | F7: 6.3344807 | G7: 298.50111 | H7: -44 | I7: -24 | J7: 1.17 | K7: 22.347932 | L7: 1.6523668 | M7: -2.7579968 | N7: -1.8583139 | O7: -1.4683381
A8: 44.325978 | B8: -301.70436 | C8: -244.16135 | D8: 272.94198 | E8: -79.880062 | F8: 6.3344843 | G8: 296.6377 | H8: -44 | I8: -20 | J8: 1.17 | K8: 22.276552 | L8: 1.4943419 | M8: -2.9766892 | N8: -1.9503796 | O8: -1.4465985
A9: 27.715024 | B9: -288.07214 | C9: -201.48274 | D9: 275.65868 | E9: -67.168827 | F9: 6.090852 | G9: 291.69881 | H9: -44 | I9: -16 | J9: 1.17 | K9: 22.095671 | L9: 1.2904709 | M9: -3.1740366 | N9: -2.0205968 | O9: -1.4124916
A10: 7.0416128 | B10: -279.56033 | C10: -159.6162 | D10: 280.25956 | E10: -59.988093 | F10: 6.0908502 | G10: 289.00113 | H10: -44 | I10: -12 | J10: 1.17 | K10: 21.991073 | L10: 1.0442639 | M10: -3.5078432 | N10: -2.1868484 | O10: -1.4141019
A11: -16.666289 | B11: -272.99741 | C11: -117.65942 | D11: 282.01229 | E11: -51.959948 | F11: 5.847221 | G11: 287.69085 | H11: -44 | I11: -8 | J11: 1.17 | K11: 21.949578 | L11: 0.70443515 | M11: -3.871234 | N11: -2.3690929 | O11: -1.403217
A12: -45.224198 | B12: -266.63596 | C12: -76.875633 | D12: 278.46304 | E12: -46.518648 | F12: 5.847219 | G12: 282.4957 | H12: -44 | I12: -4 | J12: 1.17 | K12: 21.74634 | L12: 0.25270629 | M12: -4.3527646 | N12: -2.6273351 | O12: -1.4182002
A13: -73.376715 | B13: -264.18925 | C13: -42.813952 | D13: 277.32377 | E13: -43.307389 | F13: 5.652315 | G13: 280.87146 | H13: -44 | I13: 0 | J13: 1.17 | K13: 21.690091 | L13: -0.24337115 | M13: -4.3162886 | N13: -2.5840698 | O13: -1.3903757
... A530: -412.17966 | B530: 183.82791 | C530: 72.57551 | D530: -396.72623 | E530: -233.70906 | F530: 5.944666 | G530: 291.54955 | H530: 44 | I530: 44 | J530: 1.17 | K530: 22.09555 | L530: -2.8392158 | M530: 3.4003563 | N530: -3.0765298 | O530: -2.4036997
